CREATE DATABASE  IF NOT EXISTS `quest` /*!40100 DEFAULT CHARACTER SET utf8mb4 COLLATE utf8mb4_unicode_ci */ /*!80016 DEFAULT ENCRYPTION='N' */;
USE `quest`;
-- MySQL dump 10.13  Distrib 8.0.34, for Win64 (x86_64)
--
-- Host: localhost    Database: quest
-- ------------------------------------------------------
-- Server version	8.0.34

/*!40101 SET @OLD_CHARACTER_SET_CLIENT=@@CHARACTER_SET_CLIENT */;
/*!40101 SET @OLD_CHARACTER_SET_RESULTS=@@CHARACTER_SET_RESULTS */;
/*!40101 SET @OLD_COLLATION_CONNECTION=@@COLLATION_CONNECTION */;
/*!50503 SET NAMES utf8 */;
/*!40103 SET @OLD_TIME_ZONE=@@TIME_ZONE */;
/*!40103 SET TIME_ZONE='+00:00' */;
/*!40014 SET @OLD_UNIQUE_CHECKS=@@UNIQUE_CHECKS, UNIQUE_CHECKS=0 */;
/*!40014 SET @OLD_FOREIGN_KEY_CHECKS=@@FOREIGN_KEY_CHECKS, FOREIGN_KEY_CHECKS=0 */;
/*!40101 SET @OLD_SQL_MODE=@@SQL_MODE, SQL_MODE='NO_AUTO_VALUE_ON_ZERO' */;
/*!40111 SET @OLD_SQL_NOTES=@@SQL_NOTES, SQL_NOTES=0 */;

--
-- Table structure for table `buffs`
--

DROP TABLE IF EXISTS `buffs`;
/*!40101 SET @saved_cs_client     = @@character_set_client */;
/*!50503 SET character_set_client = utf8mb4 */;
CREATE TABLE `buffs` (
  `buff_id` bigint NOT NULL AUTO_INCREMENT,
  `user_id` bigint NOT NULL,
  `buff_type` enum('BUFF','DEBUFF') COLLATE utf8mb4_unicode_ci NOT NULL,
  `name` varchar(30) COLLATE utf8mb4_unicode_ci NOT NULL COMMENT 'H2O MAX, 나태함 등',
  `stat_type` enum('STR','INT','WIL','VIT','ALL') COLLATE utf8mb4_unicode_ci NOT NULL,
  `effect_pct` tinyint NOT NULL COMMENT '양수=버프 음수=디버프 (%)',
  `expires_at` datetime DEFAULT NULL COMMENT 'NULL=조건 해제형',
  `created_at` datetime NOT NULL DEFAULT CURRENT_TIMESTAMP,
  `linked_quest_id` bigint DEFAULT NULL,
  `progress` int DEFAULT '0',
  PRIMARY KEY (`buff_id`),
  KEY `idx_buffs_user` (`user_id`),
  KEY `fk_buffs_linked_quest` (`linked_quest_id`),
  CONSTRAINT `fk_buffs_linked_quest` FOREIGN KEY (`linked_quest_id`) REFERENCES `quests` (`quest_id`) ON DELETE SET NULL,
  CONSTRAINT `fk_buffs_user` FOREIGN KEY (`user_id`) REFERENCES `users` (`user_id`) ON DELETE CASCADE
) ENGINE=InnoDB AUTO_INCREMENT=32 DEFAULT CHARSET=utf8mb4 COLLATE=utf8mb4_unicode_ci COMMENT='버프/디버프 상태';
/*!40101 SET character_set_client = @saved_cs_client */;

--
-- Dumping data for table `buffs`
--

LOCK TABLES `buffs` WRITE;
/*!40000 ALTER TABLE `buffs` DISABLE KEYS */;
INSERT INTO `buffs` VALUES (8,2,'DEBUFF','탈수','STR',-10,NULL,'2026-06-04 10:59:05',NULL,0),(9,2,'DEBUFF','지식 정체','INT',-10,NULL,'2026-06-11 18:28:35',NULL,0),(11,8,'DEBUFF','탈수','STR',-10,NULL,'2026-06-12 10:09:57',NULL,0),(12,8,'DEBUFF','나태함','WIL',-5,NULL,'2026-06-12 10:09:57',NULL,0),(13,8,'DEBUFF','피로누적','STR',-10,NULL,'2026-06-12 10:09:57',NULL,0),(14,8,'DEBUFF','지식 정체','INT',-10,NULL,'2026-06-12 10:09:57',NULL,0),(15,8,'DEBUFF','번아웃','VIT',-10,NULL,'2026-06-12 10:09:57',NULL,0),(16,8,'DEBUFF','탈수','STR',-10,NULL,'2026-06-12 10:11:58',NULL,0),(17,8,'DEBUFF','나태함','WIL',-5,NULL,'2026-06-12 10:11:58',NULL,0),(18,8,'DEBUFF','피로누적','STR',-10,NULL,'2026-06-12 10:11:58',NULL,0),(19,8,'DEBUFF','지식 정체','INT',-10,NULL,'2026-06-12 10:11:58',NULL,0),(20,8,'DEBUFF','번아웃','VIT',-10,NULL,'2026-06-12 10:11:58',NULL,0),(22,9,'DEBUFF','나태함','WIL',-5,NULL,'2026-06-12 10:19:19',NULL,0),(23,9,'DEBUFF','피로누적','STR',-10,NULL,'2026-06-12 10:19:19',NULL,0),(24,9,'DEBUFF','지식 정체','INT',-10,NULL,'2026-06-12 10:19:19',NULL,0),(25,9,'DEBUFF','번아웃','VIT',-10,NULL,'2026-06-12 10:19:19',NULL,0),(29,17,'DEBUFF','번아웃','VIT',-10,'2026-07-24 17:22:44','2026-06-24 17:22:44',44,2),(30,17,'BUFF','집중력 MAX','INT',5,'2026-07-07 12:37:21','2026-06-30 12:37:21',NULL,0),(31,17,'BUFF','넘치는 생명력','VIT',5,'2026-07-07 12:37:21','2026-06-30 12:37:21',NULL,0);
/*!40000 ALTER TABLE `buffs` ENABLE KEYS */;
UNLOCK TABLES;

--
-- Table structure for table `point_logs`
--

DROP TABLE IF EXISTS `point_logs`;
/*!40101 SET @saved_cs_client     = @@character_set_client */;
/*!50503 SET character_set_client = utf8mb4 */;
CREATE TABLE `point_logs` (
  `point_log_id` bigint NOT NULL AUTO_INCREMENT,
  `user_id` bigint NOT NULL,
  `amount` int NOT NULL COMMENT '양수=적립 음수=사용',
  `reason` enum('QUEST','SLOT_UPGRADE','AVATAR_ITEM') COLLATE utf8mb4_unicode_ci NOT NULL,
  `ref_id` bigint DEFAULT NULL COMMENT '연관 quest_log_id 또는 아이템 id',
  `created_at` datetime NOT NULL DEFAULT CURRENT_TIMESTAMP,
  PRIMARY KEY (`point_log_id`),
  KEY `idx_point_logs_user` (`user_id`),
  CONSTRAINT `fk_point_user` FOREIGN KEY (`user_id`) REFERENCES `users` (`user_id`) ON DELETE CASCADE
) ENGINE=InnoDB DEFAULT CHARSET=utf8mb4 COLLATE=utf8mb4_unicode_ci COMMENT='포인트 적립/사용 이력';
/*!40101 SET character_set_client = @saved_cs_client */;

--
-- Dumping data for table `point_logs`
--

LOCK TABLES `point_logs` WRITE;
/*!40000 ALTER TABLE `point_logs` DISABLE KEYS */;
/*!40000 ALTER TABLE `point_logs` ENABLE KEYS */;
UNLOCK TABLES;

--
-- Table structure for table `quest_logs`
--

DROP TABLE IF EXISTS `quest_logs`;
/*!40101 SET @saved_cs_client     = @@character_set_client */;
/*!50503 SET character_set_client = utf8mb4 */;
CREATE TABLE `quest_logs` (
  `log_id` bigint NOT NULL AUTO_INCREMENT,
  `quest_id` bigint NOT NULL,
  `user_id` bigint NOT NULL,
  `verify_type` enum('CHECK','TIME','PHOTO') COLLATE utf8mb4_unicode_ci NOT NULL,
  `photo_url` mediumtext COLLATE utf8mb4_unicode_ci,
  `elapsed_sec` int DEFAULT NULL COMMENT '시간 기록 인증 소요 시간(초)',
  `base_xp` int NOT NULL COMMENT '기본 XP',
  `earned_xp` int NOT NULL COMMENT '보정 후 실제 획득 XP',
  `streak_days` int NOT NULL DEFAULT '0',
  `completed_at` datetime NOT NULL DEFAULT CURRENT_TIMESTAMP,
  `title` varchar(100) COLLATE utf8mb4_unicode_ci DEFAULT NULL,
  PRIMARY KEY (`log_id`),
  KEY `idx_logs_user_date` (`user_id`,`completed_at`),
  KEY `fk_logs_quest` (`quest_id`),
  CONSTRAINT `fk_logs_quest` FOREIGN KEY (`quest_id`) REFERENCES `quests` (`quest_id`) ON DELETE CASCADE,
  CONSTRAINT `fk_logs_user` FOREIGN KEY (`user_id`) REFERENCES `users` (`user_id`) ON DELETE CASCADE
) ENGINE=InnoDB AUTO_INCREMENT=48 DEFAULT CHARSET=utf8mb4 COLLATE=utf8mb4_unicode_ci COMMENT='퀘스트 인증 로그';
/*!40101 SET character_set_client = @saved_cs_client */;

--
-- Dumping data for table `quest_logs`
--

LOCK TABLES `quest_logs` WRITE;
/*!40000 ALTER TABLE `quest_logs` DISABLE KEYS */;
INSERT INTO `quest_logs` VALUES (17,4,2,'CHECK',NULL,0,85,114,0,'2026-06-04 10:59:04',NULL),(18,6,2,'CHECK',NULL,0,15,15,0,'2026-06-04 12:03:54',NULL),(19,5,2,'CHECK',NULL,0,15,15,0,'2026-06-04 12:03:57',NULL),(20,8,2,'PHOTO',NULL,0,15,18,0,'2026-06-04 12:35:11',NULL),(21,10,5,'PHOTO',NULL,0,40,42,0,'2026-06-05 15:27:20',NULL),(22,5,2,'CHECK',NULL,0,15,15,0,'2026-06-10 17:30:25',NULL),(23,8,2,'PHOTO',NULL,0,15,18,0,'2026-06-10 17:35:47',NULL),(24,9,2,'PHOTO','data:image/png;base64,iVBORw0KGgoAAAANSUhEUgAAAOEAAADhCAMAAAAJbSJIAAABdFBMVEX///8AAADDw8OwsLDm7fOzs7O1tbW5ubm6urqnp6ekpKTBwcG9vb2pqamhoaHFxcXLy8vPz8/4+PjV1dWTk5Pb29vn5+ebm5tnZ2eQkJCGhobt7e3Z2dl0dHSAgIB6enpKSkpYWFhgYGAtLS0bGxtMTEw+Pj45OTkcHBwjIyNkZGQrKysREREzMzP/9vr+6O3//PUgAAD+3+f41tL3y8rtubr959/hmZTkXFbsQDzzODnzW1LuSUbmkIviVlr7OTziYVj5REniRk7pfoD3wcL53c/6aGbzraPgP0DmbG/uTFnISUquPD30zb7wRE8oAADWd3zgV2V8KiuKPUtcEw/oZmfvRDFmPkRvJSsTAADdn6VmKiyLLy8tExHy8OPIiog+DxP2Rl7m0c+MeoFdHh3vuKs9AADvnqNfTE9xY2b+090hMDR3l5yhx9lMW2ey1N9fdIGOxdOp3PN+pbc8T1p/utp5h5a65PV2t8zR6fVtj5mvyteOIx/CAAASlUlEQVR4nO1dC3fbxpXWJUSAD7xBgHgQJEGKpCmRkmLJTqwqViWn67ppvW13k02Tdrfb7K63cRTHdtx4kz+/d2YAECApSrJFSTxnvsQyBeAQ88193xnAa2scHBwcHBwcHBwcHBwcHBwcHBwcHBwcHBwcHBwcHBwcHBwcHBwcHBwcHDcKs2g4a/aabQVazfOa0TDs9MaR50Zuy3XDZktt1YTQ9Zu+F3aaNfOmh/sOqEMOUQRbvXEbhiOAO/j7iB6lP7fwp37Tw30HSNBQKjXZChpBYGVFZJprZrC2FgSB6eAvDn4Wwbmxcb47dAimD+3u7e/t37u/O3NtYyUZqjB1YPfDjx4cHP7i4PDhx/enTulgX9ewrhB1yHuP/YcHR0jwl4cHR8cnH+Y5BqBd59CuCLU8w3sPjh482t/Z3t3ee3xydPBwP6urzop6mvQjkvnk6cHJs4TUrz46+qfDx5lrLShc69iuBl7WDvd+fXTyq/izuffkN5/+9uTwdxMp2iBc69iuBn7GP+4+OTrco4R213YfP3j6zwB/OvlsOz1vQ/H6B/jeqGVkuHty9Aj9Ccpvd+f3h0d/8PXG8z8eP0vPWytph9losXN4sK8OYEte2/+Xfz3+7C4ean9x/IvUoa6qDCe+dP/zw3+Dfgvgd0+/+NPviXba8NXxwb3kvDCbHawAvAzDLx88hNDEoPDVn/8C/074AfzHwcF+cn41tbSe0dJnB79FvuaXH8Bf/0KIS1Bxnh0dp1rqgHETQ3xP+FmGx1+M1u4/+s+/fvBMIId1sNaeHJ1k7NC6gRG+L7K+9MPjr+Bvnx1/Cl/H5mmt7T09epQGxMpKZt5+xg4/Of50BH/8M6BDKTIyGCEPvkzPKyvqaSaf7390/Ol/fQA9JCeTMkKNPj44ejiJ+OpK1ha9bOb93wcHx3/YIwmqTQ7X/+fw6Hh/clpcSYZuNi+9/9HR0aPEsezef4IE72VOF2EV+zStnG3tPfn84DdPHu/v3d/75NGvjz4/uZetnoSV9DS1/Ki3P356cHR4fPDgwcHR0fHD/bUsQ2MlK+AZudx//PDkwQEW+g9OHu/mCK41VrJ6as1q3vbO3r1nzx7vzfSiDJCvaVRXCf8S3sOG0hJHsiyEIBQ0QbFEu1rWzMBaFA+slYwWDsyiG/XGrucrqq/KquerqlxXNa1eD1s3Pdp3QlC1bcexbUO3GhWlLviD3ma7547nMN/wb3qwVwozMO1AN5xGYDmBEeA0rGK45+Dg4OC4CaxixAjkknLBsi8wIoDBqmXfwZCmKz333FaoWcOsxg0B2islSBNADTS51kbhLG6keSNoSuum6bSgc02DuxJsJmU7kVB0tnCcHkS6uU5g1mFl8lMTK3x18lsdzuzaYwUirK3HwMkIr2eA748qRNlfgzHU515nw0ZhfQLTXZkFjPFw6sDm3NUlZzSw17Mwh73rGN77Q5rZeRAAbdsEZsOxAzPeJGUOIE+Q6Olq9PfbWzOHjDvDfNU7jGoRNNan4EDtBsZ7aZjgzR4cDOu1ilAUikWvptTqbqsL4JvTDNfbKyHE0rxRppV8HBpMc71qzxBcF6BxrWN9N1QWyiGYpZWBngkztxfN0aKzixkGKxH1u5uLzi5maLrRCtQZi/3hOQybq7DSNn4Phuv+9L7U1cNshMihodz0AC+AYKGencNwBXQUM7TFDn8xQ7d9PaN8D5jd8TkXLGQYnlcx3zz88xblzYW+xpTOqLRuDS6QOy8Wotkc3W5bDC+QOi+mWLrlu9ygeYGLFlIMbncv44JbYxZS3JzuENwqhBdNuhZwVG51WhN1L3rlGS4V04XbvYHI7V/i4ll+JtEAE6RlDe8KMJ5t0SyCaQbBehCYBJODIF71sK4Q4+isMzPZ6pkG27jVW6SiM1I2ewCQ3b1mhvh7a77fvd3bTVvzfWkAUcFRJz24YANUq9qfH1qiy9jyteOMApbtiXbS/WsCJp84FdHc2A4LuyA3DX2+WEYgBLbWTJczWtBEgnZ/nsS1C+zjs0v1pW26tRennXO7wSiW5JHu+Pcmfm6TJ7nnXBudlzQEHvmqZaV2FfQPC9eHuu15R8fQU5TaFiQWpuAQx70hzPG8AbiLvt+q9MmSgBANLjbgy6IBHZzA0DpbkMW5z6GxXd8KJE0Ym9JQ561ISQsegjJLPYBBS6nKJXdJPbka6JrR7AK4Z9rKzMoaDmx7ZwvC5piEi8DrhCb5ona4AeXt7elxOnBmi8D0UfK+YVmaJEoeVN+dxgIM2qWiqFsCCnLoz49a2kzXent75+7O1//7d584BwPYGxS05t+//tvduzvbUxdHZ6VsgYDKUzEsXZdFhLqkxAdlJxQFSbfsUhugb8/TlP504owEv/nmGyRD2dTZ4uI2PZocTFE/I5+xyJYHyTJ0vVqSRLFYlJa0wIEM8dtFuarpti1sAMxx2mZ3KidhDL+J5eWweJI/mKA+381IyK9VNQg/WUKCYlGoLmmBA1oSMkSKhWpBb9j1LXT6M3OpTe1MmCLjBezgzt27UzJ0xvOcq9nEsLKpWUhQQxfDCAql5RQgJriEYFGUZK1QrRYs2wrH0PenBFlAT5QVI2WzM2Vy6H4QWU9ThTmjdpobEKk65VcoxCoqIJbTknOgIxUpR6lawBsWCrrtKBigavnmUaCibLXJ4Lcppr8tf1BoQ3+mBWVhdOgpDVRPvBtOKhEhJVhULtQQujQMqAlFCrFURVvUNCTasIsRZiuVnCDJRqFR/aKPUQRGi+xwH0/pQhXNz1eIe9EIKEGJSRAZLsUODSiTb48pFnQUIrmxYVv+EKVWyCQCRRjiob56bm8xMGqksnr+7enp82yMc+p9GHmaQeWHUxlLUKQEhaI8Pz18X4igJAwpxRhaAcOHWCPxOMlHyvDdixen3z9H4fqS5czlaUtesxMRdt+/Pn3x8s3L0x/SpEfH48OmZhHxFYj8CkyCoigwhgJUlsOwXpxPsaAZtl5xAToyeTdEC757+erVq5dvX//0nKbc/TDy60VDMzRJVgRJcKM7RHKj5z98/+3pm5fk4jdvX774jnrhQPNgKyxidNc09uWEISPIRCgIynJkKIAaKwmliGExvjuladh2A10MFkZV+MePbwhe4f+vXr7+6R/PYTjqZrbTjPrDWhdevHxLuL19S2fj7ZtXPw7aazpaH3QsRi+dQeJG40DBsJziImQyjCmKJbmQYUg8K5JUUb9G0f+9eEVHf4qSQbw6pVMeBHp36IJKt55YOA0v3yC509O3pz/iD1TVn0lZBb5G+MXKGXMkoX6ipIJQWY6naUFyA/RoRVHEmJEw1ApMofSGQzKQ59/+/O1PP/384sfT129PX79+/e0mlAxbrfZhgI6lIxuF4gjCH777AfF8BBv9+O1fcMcXZV0nwTarHsiwlFPSorqcaBGlDClJkUVFTS+w4cRcG7bVmvN003wMu73BVhT2Wn7Ycd0eyBZJXEolWZar1dTQiY7G2UwcLdTl7A/rgVTMMCS5zUSP0tmWC5rt9EEwLFnxvVqtXBPVYgVTSVGXBd3Wq4ZYUYSqbTUc23bY818Elm3LICAPoo8lArma6miJ6mgxlaGynJxmsCUJeSmW4twmnWsiAMw7tE7XwICpGY0GG74d/91gsCzLIH8M/Gno+BcqJgbzCtSQIKVIgaIkhlCtSlN+Bj3NUuxw2I8ZiqkUSxlNIvwoQRxlr6+oahkTBKLJNCGhflerxpdm5oTWC0WhXFFVD3zqw0RRTDli8lRlXzoRIYkWy7DDAEIxL0NMUOXE2xB6qTJJmxuqqlYqZUVgk5Dz/BP/pFGpE4IKEkSGHgu4E47UJNOSIr21uhQZBuDPMKQUtUIiPsYPR4gxgTFEipKckVkhyzDRapRJBRlWiAyFlOKEIyOYZSgsJeLr0JphKIrEH7CBsohFx8EYxhSFrEeKCcYM5ViAREURNailATerqoxgypCMApbxaK0Vz3A8i/HfYinWTiljK2InYVhWUFOLUt4lxaGlSgkKhCBjiFEu/V5GkdHM8UPbForlpTydEST3J/E+ARkBk5+YcQZiK2VYpmLEiZjWVGaBjF9M0MtaeqyqjGYsxJSnuLGwrfqOcNj9E2YZpPSSEaCW1isEZUaRqGqpquX4EYLEwyT0cELUvB3Qu8SamtyK3qIolIbL8KUGeCINEXl6E0xUqYgyLGcZEjFmPQ7xTChAJUuQ2GHGDqgJiCz6z9BcTgWsYuI9Lb0cvYwvaIGXZ8gopgSZBeb5qWqdaknG2EUW9mXiTxOazL8uhWEZlHm6mSE4YehTLS1PCBI9FUUmxVSAdBKyFKGTz5rEOCBWWVCMWeIhbXSV1VPSUvJALmboMa1J1Sfn7cQmYABIGJbLFSrDuBwhFoiiovSmGbZzDClBktbEQJaEaLUghxCaJt0AYDvZTQDvAGMwgu4INnvd9ggUpjezyHoZOjRvIkMUVexsqF0RgRABlmfooasBN+NpmI5SEWJ8od1EgoKudKZLlPdpadihW28pXnezGY4JwxlypXkMJaqlWSVNKJIx0xifMpzwrKMMswxZiYEMsbaWWrU40ythjd3ueM26UvMkT62pvqBd0Y5NF4rCrAipp8v7GRYPKUMlw1CJ3eOEX1ZPK9TTdEpC4mpwNgi/ElZjxXCArAzME3TNBfAMZ/FG5HdFCKrMCjeKyccZgsQOqQyVDARGUSAxnjJkNLPeRoEwtcPEy1TFaAPpeRFoWI7VAGrL22LrDMAtsRKcJvzEQEh1MJ8hxsMcQyFhGPOLdTglWMf/lJErJcFCZCpaIp1YBYtlDwQiv/Zy35rVAujVmVtjrRTd9SSDrOgJeUgu1FjePWEoMksUUHPpiXJKMfU0ykZPTr+CRcIaeA27YWga2ihAuPQtb6aKt6ljRU6r2oImEEfmKnJpiiHmNIkvTRnGlV9RyRLPMawLECUMEx2tg2FQByPh7F7PFnArgq4nG7QXrbfAUvukvynnsi1BDFlemqEYuxlkWKafU4oZGZZHPSlvhQUPaPcHb3eNz3rbaA4DTyeC3OhYltPAPLtZytthOBstYoYZjU5Iphwrw4GUIygXfBBZlNDP2G+1HJhKF7q+pqtQIT1SKxj3dSlrixgtKnPiIS2FaD0rZGmW4wJYrfT7pRxBoqVCHAfPfQrgiiG2YeT179BeaVWHUC+UsvEwhFolTttyEiStpfwKhJBR1cqAZW206GS+WgEllmF5SdsvzgZZYHBZN7gKPoZjeTJqxjATEan8xLidEXMk/d1UW6kYK9CWsyIkGRqkre8beOlCCGXmUkVMM8g2iUkJjhUwzcfSyomm3UnvMenrpOl6TLEMYyn1o9VSVS94o1iGGO7b17/FHVoGY1iHio7QUimKmxgP406UIjADxAI4rYCrrPeY6aFRVVUGQ1FgwR5Pa2XUkoiaOqGoN6/9SYwayKwvqPvQrxhkvU+Ol4dQS706kWK5rMSlOuOn6TE01oDMtJmIsGGLVMC0162VQoyARgD1mKGxpFXRs+HA2GAMSbYI7ZpgG4RjwlCNCWKQT+WnqVEYbna7w0E/6SKXJgsSijDuEuPEywtll/AjW+DqpGGOsZes212vN1Xw3jJbVfPBLo7ItgnMP+jiDealmLVRFSUlgpSsI+lDuivRxWSa9RNZQypuRArCeIv8FDVtM8mwbWgiPUP0e5izXfObXEMge1xYdkomNyCSbAp6FQdJ+qVxN1iM11eoCAWQHbLY5BiJ8qVuh1pkv49hVZTdyY4cB9yG5GHe1Lv+HfwuZm+aTpdFk0dlNPKqIE9Ah0MrYCV2GswCiTv0QGI5rQaennM7TJC9O2jHPqa+kwy7G7pkU8eN7G4v9jDoo0cvaM3UQHSyOBrW5Rb4rNkt0QorbnTjVMTLqTpmQbFck/Y3YTnq49yAm03PUDubN/eeYZKhqoaBfnxyzCl1AFo9qAsKql1J14j7NGIP2gbqnPCYu8HWDdkZjf4pSBsbZJdC/h43/BrlYhdFpkf5DdsO7RT1wmbd90Lfb/ba/Tv93qAThqNIZ6sWOCmjwVZ7vIUi6o43YLjVpSv5d5q375EgvZfZop7AcSoupC9sGQ3b7fZWn/xzZMT6iFZiktChK/ftVivq9d1OdCfqRa1b+kxX4M0NxeYaWdk2nUbaNTI1qCXWJ67kP0xyLiogJW5HH63COz4uDW+ks3VErWB0LveY24pg1NaTBW59cyVeJ3RJYI7JtoqS0FBfmVeXXQIGqIV6uen5zbDZbC5nd+HNQs0vp9zylye8E2xBkBvkBdeBE2AUuenhcHBwcHBwcHBwcHBwcHBwcHBwcHBwcHBwcHBwcHBwcHBwcHBwcHCsJMxbuv88g/8HESXYIqbtrYYAAAAASUVORK5CYII=',0,15,18,0,'2026-06-11 18:28:35',NULL),(25,19,9,'PHOTO','data:image/png;base64,iVBORw0KGgoAAAANSUhEUgAAAOEAAADhCAMAAAAJbSJIAAABdFBMVEX///8AAADDw8OwsLDm7fOzs7O1tbW5ubm6urqnp6ekpKTBwcG9vb2pqamhoaHFxcXLy8vPz8/4+PjV1dWTk5Pb29vn5+ebm5tnZ2eQkJCGhobt7e3Z2dl0dHSAgIB6enpKSkpYWFhgYGAtLS0bGxtMTEw+Pj45OTkcHBwjIyNkZGQrKysREREzMzP/9vr+6O3//PUgAAD+3+f41tL3y8rtubr959/hmZTkXFbsQDzzODnzW1LuSUbmkIviVlr7OTziYVj5REniRk7pfoD3wcL53c/6aGbzraPgP0DmbG/uTFnISUquPD30zb7wRE8oAADWd3zgV2V8KiuKPUtcEw/oZmfvRDFmPkRvJSsTAADdn6VmKiyLLy8tExHy8OPIiog+DxP2Rl7m0c+MeoFdHh3vuKs9AADvnqNfTE9xY2b+090hMDR3l5yhx9lMW2ey1N9fdIGOxdOp3PN+pbc8T1p/utp5h5a65PV2t8zR6fVtj5mvyteOIx/CAAASlUlEQVR4nO1dC3fbxpXWJUSAD7xBgHgQJEGKpCmRkmLJTqwqViWn67ppvW13k02Tdrfb7K63cRTHdtx4kz+/d2YAECApSrJFSTxnvsQyBeAQ88193xnAa2scHBwcHBwcHBwcHBwcHBwcHBwcHBwcHBwcHBwcHBwcHBwcHBwcHBwcHDcKs2g4a/aabQVazfOa0TDs9MaR50Zuy3XDZktt1YTQ9Zu+F3aaNfOmh/sOqEMOUQRbvXEbhiOAO/j7iB6lP7fwp37Tw30HSNBQKjXZChpBYGVFZJprZrC2FgSB6eAvDn4Wwbmxcb47dAimD+3u7e/t37u/O3NtYyUZqjB1YPfDjx4cHP7i4PDhx/enTulgX9ewrhB1yHuP/YcHR0jwl4cHR8cnH+Y5BqBd59CuCLU8w3sPjh482t/Z3t3ee3xydPBwP6urzop6mvQjkvnk6cHJs4TUrz46+qfDx5lrLShc69iuBl7WDvd+fXTyq/izuffkN5/+9uTwdxMp2iBc69iuBn7GP+4+OTrco4R213YfP3j6zwB/OvlsOz1vQ/H6B/jeqGVkuHty9Aj9Ccpvd+f3h0d/8PXG8z8eP0vPWytph9losXN4sK8OYEte2/+Xfz3+7C4ean9x/IvUoa6qDCe+dP/zw3+Dfgvgd0+/+NPviXba8NXxwb3kvDCbHawAvAzDLx88hNDEoPDVn/8C/074AfzHwcF+cn41tbSe0dJnB79FvuaXH8Bf/0KIS1Bxnh0dp1rqgHETQ3xP+FmGx1+M1u4/+s+/fvBMIId1sNaeHJ1k7NC6gRG+L7K+9MPjr+Bvnx1/Cl/H5mmt7T09epQGxMpKZt5+xg4/Of50BH/8M6BDKTIyGCEPvkzPKyvqaSaf7390/Ol/fQA9JCeTMkKNPj44ejiJ+OpK1ha9bOb93wcHx3/YIwmqTQ7X/+fw6Hh/clpcSYZuNi+9/9HR0aPEsezef4IE72VOF2EV+zStnG3tPfn84DdPHu/v3d/75NGvjz4/uZetnoSV9DS1/Ki3P356cHR4fPDgwcHR0fHD/bUsQ2MlK+AZudx//PDkwQEW+g9OHu/mCK41VrJ6as1q3vbO3r1nzx7vzfSiDJCvaVRXCf8S3sOG0hJHsiyEIBQ0QbFEu1rWzMBaFA+slYwWDsyiG/XGrucrqq/KquerqlxXNa1eD1s3Pdp3QlC1bcexbUO3GhWlLviD3ma7547nMN/wb3qwVwozMO1AN5xGYDmBEeA0rGK45+Dg4OC4CaxixAjkknLBsi8wIoDBqmXfwZCmKz333FaoWcOsxg0B2islSBNADTS51kbhLG6keSNoSuum6bSgc02DuxJsJmU7kVB0tnCcHkS6uU5g1mFl8lMTK3x18lsdzuzaYwUirK3HwMkIr2eA748qRNlfgzHU515nw0ZhfQLTXZkFjPFw6sDm3NUlZzSw17Mwh73rGN77Q5rZeRAAbdsEZsOxAzPeJGUOIE+Q6Olq9PfbWzOHjDvDfNU7jGoRNNan4EDtBsZ7aZjgzR4cDOu1ilAUikWvptTqbqsL4JvTDNfbKyHE0rxRppV8HBpMc71qzxBcF6BxrWN9N1QWyiGYpZWBngkztxfN0aKzixkGKxH1u5uLzi5maLrRCtQZi/3hOQybq7DSNn4Phuv+9L7U1cNshMihodz0AC+AYKGencNwBXQUM7TFDn8xQ7d9PaN8D5jd8TkXLGQYnlcx3zz88xblzYW+xpTOqLRuDS6QOy8Wotkc3W5bDC+QOi+mWLrlu9ygeYGLFlIMbncv44JbYxZS3JzuENwqhBdNuhZwVG51WhN1L3rlGS4V04XbvYHI7V/i4ll+JtEAE6RlDe8KMJ5t0SyCaQbBehCYBJODIF71sK4Q4+isMzPZ6pkG27jVW6SiM1I2ewCQ3b1mhvh7a77fvd3bTVvzfWkAUcFRJz24YANUq9qfH1qiy9jyteOMApbtiXbS/WsCJp84FdHc2A4LuyA3DX2+WEYgBLbWTJczWtBEgnZ/nsS1C+zjs0v1pW26tRennXO7wSiW5JHu+Pcmfm6TJ7nnXBudlzQEHvmqZaV2FfQPC9eHuu15R8fQU5TaFiQWpuAQx70hzPG8AbiLvt+q9MmSgBANLjbgy6IBHZzA0DpbkMW5z6GxXd8KJE0Ym9JQ561ISQsegjJLPYBBS6nKJXdJPbka6JrR7AK4Z9rKzMoaDmx7ZwvC5piEi8DrhCb5ona4AeXt7elxOnBmi8D0UfK+YVmaJEoeVN+dxgIM2qWiqFsCCnLoz49a2kzXent75+7O1//7d584BwPYGxS05t+//tvduzvbUxdHZ6VsgYDKUzEsXZdFhLqkxAdlJxQFSbfsUhugb8/TlP504owEv/nmGyRD2dTZ4uI2PZocTFE/I5+xyJYHyTJ0vVqSRLFYlJa0wIEM8dtFuarpti1sAMxx2mZ3KidhDL+J5eWweJI/mKA+381IyK9VNQg/WUKCYlGoLmmBA1oSMkSKhWpBb9j1LXT6M3OpTe1MmCLjBezgzt27UzJ0xvOcq9nEsLKpWUhQQxfDCAql5RQgJriEYFGUZK1QrRYs2wrH0PenBFlAT5QVI2WzM2Vy6H4QWU9ThTmjdpobEKk65VcoxCoqIJbTknOgIxUpR6lawBsWCrrtKBigavnmUaCibLXJ4Lcppr8tf1BoQ3+mBWVhdOgpDVRPvBtOKhEhJVhULtQQujQMqAlFCrFURVvUNCTasIsRZiuVnCDJRqFR/aKPUQRGi+xwH0/pQhXNz1eIe9EIKEGJSRAZLsUODSiTb48pFnQUIrmxYVv+EKVWyCQCRRjiob56bm8xMGqksnr+7enp82yMc+p9GHmaQeWHUxlLUKQEhaI8Pz18X4igJAwpxRhaAcOHWCPxOMlHyvDdixen3z9H4fqS5czlaUtesxMRdt+/Pn3x8s3L0x/SpEfH48OmZhHxFYj8CkyCoigwhgJUlsOwXpxPsaAZtl5xAToyeTdEC757+erVq5dvX//0nKbc/TDy60VDMzRJVgRJcKM7RHKj5z98/+3pm5fk4jdvX774jnrhQPNgKyxidNc09uWEISPIRCgIynJkKIAaKwmliGExvjuladh2A10MFkZV+MePbwhe4f+vXr7+6R/PYTjqZrbTjPrDWhdevHxLuL19S2fj7ZtXPw7aazpaH3QsRi+dQeJG40DBsJziImQyjCmKJbmQYUg8K5JUUb9G0f+9eEVHf4qSQbw6pVMeBHp36IJKt55YOA0v3yC509O3pz/iD1TVn0lZBb5G+MXKGXMkoX6ipIJQWY6naUFyA/RoRVHEmJEw1ApMofSGQzKQ59/+/O1PP/384sfT129PX79+/e0mlAxbrfZhgI6lIxuF4gjCH777AfF8BBv9+O1fcMcXZV0nwTarHsiwlFPSorqcaBGlDClJkUVFTS+w4cRcG7bVmvN003wMu73BVhT2Wn7Ycd0eyBZJXEolWZar1dTQiY7G2UwcLdTl7A/rgVTMMCS5zUSP0tmWC5rt9EEwLFnxvVqtXBPVYgVTSVGXBd3Wq4ZYUYSqbTUc23bY818Elm3LICAPoo8lArma6miJ6mgxlaGynJxmsCUJeSmW4twmnWsiAMw7tE7XwICpGY0GG74d/91gsCzLIH8M/Gno+BcqJgbzCtSQIKVIgaIkhlCtSlN+Bj3NUuxw2I8ZiqkUSxlNIvwoQRxlr6+oahkTBKLJNCGhflerxpdm5oTWC0WhXFFVD3zqw0RRTDli8lRlXzoRIYkWy7DDAEIxL0NMUOXE2xB6qTJJmxuqqlYqZUVgk5Dz/BP/pFGpE4IKEkSGHgu4E47UJNOSIr21uhQZBuDPMKQUtUIiPsYPR4gxgTFEipKckVkhyzDRapRJBRlWiAyFlOKEIyOYZSgsJeLr0JphKIrEH7CBsohFx8EYxhSFrEeKCcYM5ViAREURNailATerqoxgypCMApbxaK0Vz3A8i/HfYinWTiljK2InYVhWUFOLUt4lxaGlSgkKhCBjiFEu/V5GkdHM8UPbForlpTydEST3J/E+ARkBk5+YcQZiK2VYpmLEiZjWVGaBjF9M0MtaeqyqjGYsxJSnuLGwrfqOcNj9E2YZpPSSEaCW1isEZUaRqGqpquX4EYLEwyT0cELUvB3Qu8SamtyK3qIolIbL8KUGeCINEXl6E0xUqYgyLGcZEjFmPQ7xTChAJUuQ2GHGDqgJiCz6z9BcTgWsYuI9Lb0cvYwvaIGXZ8gopgSZBeb5qWqdaknG2EUW9mXiTxOazL8uhWEZlHm6mSE4YehTLS1PCBI9FUUmxVSAdBKyFKGTz5rEOCBWWVCMWeIhbXSV1VPSUvJALmboMa1J1Sfn7cQmYABIGJbLFSrDuBwhFoiiovSmGbZzDClBktbEQJaEaLUghxCaJt0AYDvZTQDvAGMwgu4INnvd9ggUpjezyHoZOjRvIkMUVexsqF0RgRABlmfooasBN+NpmI5SEWJ8od1EgoKudKZLlPdpadihW28pXnezGY4JwxlypXkMJaqlWSVNKJIx0xifMpzwrKMMswxZiYEMsbaWWrU40ythjd3ueM26UvMkT62pvqBd0Y5NF4rCrAipp8v7GRYPKUMlw1CJ3eOEX1ZPK9TTdEpC4mpwNgi/ElZjxXCArAzME3TNBfAMZ/FG5HdFCKrMCjeKyccZgsQOqQyVDARGUSAxnjJkNLPeRoEwtcPEy1TFaAPpeRFoWI7VAGrL22LrDMAtsRKcJvzEQEh1MJ8hxsMcQyFhGPOLdTglWMf/lJErJcFCZCpaIp1YBYtlDwQiv/Zy35rVAujVmVtjrRTd9SSDrOgJeUgu1FjePWEoMksUUHPpiXJKMfU0ykZPTr+CRcIaeA27YWga2ihAuPQtb6aKt6ljRU6r2oImEEfmKnJpiiHmNIkvTRnGlV9RyRLPMawLECUMEx2tg2FQByPh7F7PFnArgq4nG7QXrbfAUvukvynnsi1BDFlemqEYuxlkWKafU4oZGZZHPSlvhQUPaPcHb3eNz3rbaA4DTyeC3OhYltPAPLtZytthOBstYoYZjU5Iphwrw4GUIygXfBBZlNDP2G+1HJhKF7q+pqtQIT1SKxj3dSlrixgtKnPiIS2FaD0rZGmW4wJYrfT7pRxBoqVCHAfPfQrgiiG2YeT179BeaVWHUC+UsvEwhFolTttyEiStpfwKhJBR1cqAZW206GS+WgEllmF5SdsvzgZZYHBZN7gKPoZjeTJqxjATEan8xLidEXMk/d1UW6kYK9CWsyIkGRqkre8beOlCCGXmUkVMM8g2iUkJjhUwzcfSyomm3UnvMenrpOl6TLEMYyn1o9VSVS94o1iGGO7b17/FHVoGY1iHio7QUimKmxgP406UIjADxAI4rYCrrPeY6aFRVVUGQ1FgwR5Pa2XUkoiaOqGoN6/9SYwayKwvqPvQrxhkvU+Ol4dQS706kWK5rMSlOuOn6TE01oDMtJmIsGGLVMC0162VQoyARgD1mKGxpFXRs+HA2GAMSbYI7ZpgG4RjwlCNCWKQT+WnqVEYbna7w0E/6SKXJgsSijDuEuPEywtll/AjW+DqpGGOsZes212vN1Xw3jJbVfPBLo7ItgnMP+jiDealmLVRFSUlgpSsI+lDuivRxWSa9RNZQypuRArCeIv8FDVtM8mwbWgiPUP0e5izXfObXEMge1xYdkomNyCSbAp6FQdJ+qVxN1iM11eoCAWQHbLY5BiJ8qVuh1pkv49hVZTdyY4cB9yG5GHe1Lv+HfwuZm+aTpdFk0dlNPKqIE9Ah0MrYCV2GswCiTv0QGI5rQaennM7TJC9O2jHPqa+kwy7G7pkU8eN7G4v9jDoo0cvaM3UQHSyOBrW5Rb4rNkt0QorbnTjVMTLqTpmQbFck/Y3YTnq49yAm03PUDubN/eeYZKhqoaBfnxyzCl1AFo9qAsKql1J14j7NGIP2gbqnPCYu8HWDdkZjf4pSBsbZJdC/h43/BrlYhdFpkf5DdsO7RT1wmbd90Lfb/ba/Tv93qAThqNIZ6sWOCmjwVZ7vIUi6o43YLjVpSv5d5q375EgvZfZop7AcSoupC9sGQ3b7fZWn/xzZMT6iFZiktChK/ftVivq9d1OdCfqRa1b+kxX4M0NxeYaWdk2nUbaNTI1qCXWJ67kP0xyLiogJW5HH63COz4uDW+ks3VErWB0LveY24pg1NaTBW59cyVeJ3RJYI7JtoqS0FBfmVeXXQIGqIV6uen5zbDZbC5nd+HNQs0vp9zylye8E2xBkBvkBdeBE2AUuenhcHBwcHBwcHBwcHBwcHBwcHBwcHBwcHBwcHBwcHBwcHBwcHBwcHCsJMxbuv88g/8HESXYIqbtrYYAAAAASUVORK5CYII=',0,15,15,0,'2026-06-12 10:05:38',NULL),(26,17,9,'CHECK',NULL,0,15,13,0,'2026-06-12 10:06:17',NULL),(27,20,9,'CHECK',NULL,0,15,15,0,'2026-06-12 10:06:35',NULL),(28,24,9,'CHECK',NULL,0,15,12,0,'2026-06-12 10:36:32',NULL),(29,23,9,'PHOTO','data:image/png;base64,iVBORw0KGgoAAAANSUhEUgAAAOEAAADhCAMAAAAJbSJIAAABdFBMVEX///8AAADDw8OwsLDm7fOzs7O1tbW5ubm6urqnp6ekpKTBwcG9vb2pqamhoaHFxcXLy8vPz8/4+PjV1dWTk5Pb29vn5+ebm5tnZ2eQkJCGhobt7e3Z2dl0dHSAgIB6enpKSkpYWFhgYGAtLS0bGxtMTEw+Pj45OTkcHBwjIyNkZGQrKysREREzMzP/9vr+6O3//PUgAAD+3+f41tL3y8rtubr959/hmZTkXFbsQDzzODnzW1LuSUbmkIviVlr7OTziYVj5REniRk7pfoD3wcL53c/6aGbzraPgP0DmbG/uTFnISUquPD30zb7wRE8oAADWd3zgV2V8KiuKPUtcEw/oZmfvRDFmPkRvJSsTAADdn6VmKiyLLy8tExHy8OPIiog+DxP2Rl7m0c+MeoFdHh3vuKs9AADvnqNfTE9xY2b+090hMDR3l5yhx9lMW2ey1N9fdIGOxdOp3PN+pbc8T1p/utp5h5a65PV2t8zR6fVtj5mvyteOIx/CAAASlUlEQVR4nO1dC3fbxpXWJUSAD7xBgHgQJEGKpCmRkmLJTqwqViWn67ppvW13k02Tdrfb7K63cRTHdtx4kz+/d2YAECApSrJFSTxnvsQyBeAQ88193xnAa2scHBwcHBwcHBwcHBwcHBwcHBwcHBwcHBwcHBwcHBwcHBwcHBwcHBwcHDcKs2g4a/aabQVazfOa0TDs9MaR50Zuy3XDZktt1YTQ9Zu+F3aaNfOmh/sOqEMOUQRbvXEbhiOAO/j7iB6lP7fwp37Tw30HSNBQKjXZChpBYGVFZJprZrC2FgSB6eAvDn4Wwbmxcb47dAimD+3u7e/t37u/O3NtYyUZqjB1YPfDjx4cHP7i4PDhx/enTulgX9ewrhB1yHuP/YcHR0jwl4cHR8cnH+Y5BqBd59CuCLU8w3sPjh482t/Z3t3ee3xydPBwP6urzop6mvQjkvnk6cHJs4TUrz46+qfDx5lrLShc69iuBl7WDvd+fXTyq/izuffkN5/+9uTwdxMp2iBc69iuBn7GP+4+OTrco4R213YfP3j6zwB/OvlsOz1vQ/H6B/jeqGVkuHty9Aj9Ccpvd+f3h0d/8PXG8z8eP0vPWytph9losXN4sK8OYEte2/+Xfz3+7C4ean9x/IvUoa6qDCe+dP/zw3+Dfgvgd0+/+NPviXba8NXxwb3kvDCbHawAvAzDLx88hNDEoPDVn/8C/074AfzHwcF+cn41tbSe0dJnB79FvuaXH8Bf/0KIS1Bxnh0dp1rqgHETQ3xP+FmGx1+M1u4/+s+/fvBMIId1sNaeHJ1k7NC6gRG+L7K+9MPjr+Bvnx1/Cl/H5mmt7T09epQGxMpKZt5+xg4/Of50BH/8M6BDKTIyGCEPvkzPKyvqaSaf7390/Ol/fQA9JCeTMkKNPj44ejiJ+OpK1ha9bOb93wcHx3/YIwmqTQ7X/+fw6Hh/clpcSYZuNi+9/9HR0aPEsezef4IE72VOF2EV+zStnG3tPfn84DdPHu/v3d/75NGvjz4/uZetnoSV9DS1/Ki3P356cHR4fPDgwcHR0fHD/bUsQ2MlK+AZudx//PDkwQEW+g9OHu/mCK41VrJ6as1q3vbO3r1nzx7vzfSiDJCvaVRXCf8S3sOG0hJHsiyEIBQ0QbFEu1rWzMBaFA+slYwWDsyiG/XGrucrqq/KquerqlxXNa1eD1s3Pdp3QlC1bcexbUO3GhWlLviD3ma7547nMN/wb3qwVwozMO1AN5xGYDmBEeA0rGK45+Dg4OC4CaxixAjkknLBsi8wIoDBqmXfwZCmKz333FaoWcOsxg0B2islSBNADTS51kbhLG6keSNoSuum6bSgc02DuxJsJmU7kVB0tnCcHkS6uU5g1mFl8lMTK3x18lsdzuzaYwUirK3HwMkIr2eA748qRNlfgzHU515nw0ZhfQLTXZkFjPFw6sDm3NUlZzSw17Mwh73rGN77Q5rZeRAAbdsEZsOxAzPeJGUOIE+Q6Olq9PfbWzOHjDvDfNU7jGoRNNan4EDtBsZ7aZjgzR4cDOu1ilAUikWvptTqbqsL4JvTDNfbKyHE0rxRppV8HBpMc71qzxBcF6BxrWN9N1QWyiGYpZWBngkztxfN0aKzixkGKxH1u5uLzi5maLrRCtQZi/3hOQybq7DSNn4Phuv+9L7U1cNshMihodz0AC+AYKGencNwBXQUM7TFDn8xQ7d9PaN8D5jd8TkXLGQYnlcx3zz88xblzYW+xpTOqLRuDS6QOy8Wotkc3W5bDC+QOi+mWLrlu9ygeYGLFlIMbncv44JbYxZS3JzuENwqhBdNuhZwVG51WhN1L3rlGS4V04XbvYHI7V/i4ll+JtEAE6RlDe8KMJ5t0SyCaQbBehCYBJODIF71sK4Q4+isMzPZ6pkG27jVW6SiM1I2ewCQ3b1mhvh7a77fvd3bTVvzfWkAUcFRJz24YANUq9qfH1qiy9jyteOMApbtiXbS/WsCJp84FdHc2A4LuyA3DX2+WEYgBLbWTJczWtBEgnZ/nsS1C+zjs0v1pW26tRennXO7wSiW5JHu+Pcmfm6TJ7nnXBudlzQEHvmqZaV2FfQPC9eHuu15R8fQU5TaFiQWpuAQx70hzPG8AbiLvt+q9MmSgBANLjbgy6IBHZzA0DpbkMW5z6GxXd8KJE0Ym9JQ561ISQsegjJLPYBBS6nKJXdJPbka6JrR7AK4Z9rKzMoaDmx7ZwvC5piEi8DrhCb5ona4AeXt7elxOnBmi8D0UfK+YVmaJEoeVN+dxgIM2qWiqFsCCnLoz49a2kzXent75+7O1//7d584BwPYGxS05t+//tvduzvbUxdHZ6VsgYDKUzEsXZdFhLqkxAdlJxQFSbfsUhugb8/TlP504owEv/nmGyRD2dTZ4uI2PZocTFE/I5+xyJYHyTJ0vVqSRLFYlJa0wIEM8dtFuarpti1sAMxx2mZ3KidhDL+J5eWweJI/mKA+381IyK9VNQg/WUKCYlGoLmmBA1oSMkSKhWpBb9j1LXT6M3OpTe1MmCLjBezgzt27UzJ0xvOcq9nEsLKpWUhQQxfDCAql5RQgJriEYFGUZK1QrRYs2wrH0PenBFlAT5QVI2WzM2Vy6H4QWU9ThTmjdpobEKk65VcoxCoqIJbTknOgIxUpR6lawBsWCrrtKBigavnmUaCibLXJ4Lcppr8tf1BoQ3+mBWVhdOgpDVRPvBtOKhEhJVhULtQQujQMqAlFCrFURVvUNCTasIsRZiuVnCDJRqFR/aKPUQRGi+xwH0/pQhXNz1eIe9EIKEGJSRAZLsUODSiTb48pFnQUIrmxYVv+EKVWyCQCRRjiob56bm8xMGqksnr+7enp82yMc+p9GHmaQeWHUxlLUKQEhaI8Pz18X4igJAwpxRhaAcOHWCPxOMlHyvDdixen3z9H4fqS5czlaUtesxMRdt+/Pn3x8s3L0x/SpEfH48OmZhHxFYj8CkyCoigwhgJUlsOwXpxPsaAZtl5xAToyeTdEC757+erVq5dvX//0nKbc/TDy60VDMzRJVgRJcKM7RHKj5z98/+3pm5fk4jdvX774jnrhQPNgKyxidNc09uWEISPIRCgIynJkKIAaKwmliGExvjuladh2A10MFkZV+MePbwhe4f+vXr7+6R/PYTjqZrbTjPrDWhdevHxLuL19S2fj7ZtXPw7aazpaH3QsRi+dQeJG40DBsJziImQyjCmKJbmQYUg8K5JUUb9G0f+9eEVHf4qSQbw6pVMeBHp36IJKt55YOA0v3yC509O3pz/iD1TVn0lZBb5G+MXKGXMkoX6ipIJQWY6naUFyA/RoRVHEmJEw1ApMofSGQzKQ59/+/O1PP/384sfT129PX79+/e0mlAxbrfZhgI6lIxuF4gjCH777AfF8BBv9+O1fcMcXZV0nwTarHsiwlFPSorqcaBGlDClJkUVFTS+w4cRcG7bVmvN003wMu73BVhT2Wn7Ycd0eyBZJXEolWZar1dTQiY7G2UwcLdTl7A/rgVTMMCS5zUSP0tmWC5rt9EEwLFnxvVqtXBPVYgVTSVGXBd3Wq4ZYUYSqbTUc23bY818Elm3LICAPoo8lArma6miJ6mgxlaGynJxmsCUJeSmW4twmnWsiAMw7tE7XwICpGY0GG74d/91gsCzLIH8M/Gno+BcqJgbzCtSQIKVIgaIkhlCtSlN+Bj3NUuxw2I8ZiqkUSxlNIvwoQRxlr6+oahkTBKLJNCGhflerxpdm5oTWC0WhXFFVD3zqw0RRTDli8lRlXzoRIYkWy7DDAEIxL0NMUOXE2xB6qTJJmxuqqlYqZUVgk5Dz/BP/pFGpE4IKEkSGHgu4E47UJNOSIr21uhQZBuDPMKQUtUIiPsYPR4gxgTFEipKckVkhyzDRapRJBRlWiAyFlOKEIyOYZSgsJeLr0JphKIrEH7CBsohFx8EYxhSFrEeKCcYM5ViAREURNailATerqoxgypCMApbxaK0Vz3A8i/HfYinWTiljK2InYVhWUFOLUt4lxaGlSgkKhCBjiFEu/V5GkdHM8UPbForlpTydEST3J/E+ARkBk5+YcQZiK2VYpmLEiZjWVGaBjF9M0MtaeqyqjGYsxJSnuLGwrfqOcNj9E2YZpPSSEaCW1isEZUaRqGqpquX4EYLEwyT0cELUvB3Qu8SamtyK3qIolIbL8KUGeCINEXl6E0xUqYgyLGcZEjFmPQ7xTChAJUuQ2GHGDqgJiCz6z9BcTgWsYuI9Lb0cvYwvaIGXZ8gopgSZBeb5qWqdaknG2EUW9mXiTxOazL8uhWEZlHm6mSE4YehTLS1PCBI9FUUmxVSAdBKyFKGTz5rEOCBWWVCMWeIhbXSV1VPSUvJALmboMa1J1Sfn7cQmYABIGJbLFSrDuBwhFoiiovSmGbZzDClBktbEQJaEaLUghxCaJt0AYDvZTQDvAGMwgu4INnvd9ggUpjezyHoZOjRvIkMUVexsqF0RgRABlmfooasBN+NpmI5SEWJ8od1EgoKudKZLlPdpadihW28pXnezGY4JwxlypXkMJaqlWSVNKJIx0xifMpzwrKMMswxZiYEMsbaWWrU40ythjd3ueM26UvMkT62pvqBd0Y5NF4rCrAipp8v7GRYPKUMlw1CJ3eOEX1ZPK9TTdEpC4mpwNgi/ElZjxXCArAzME3TNBfAMZ/FG5HdFCKrMCjeKyccZgsQOqQyVDARGUSAxnjJkNLPeRoEwtcPEy1TFaAPpeRFoWI7VAGrL22LrDMAtsRKcJvzEQEh1MJ8hxsMcQyFhGPOLdTglWMf/lJErJcFCZCpaIp1YBYtlDwQiv/Zy35rVAujVmVtjrRTd9SSDrOgJeUgu1FjePWEoMksUUHPpiXJKMfU0ykZPTr+CRcIaeA27YWga2ihAuPQtb6aKt6ljRU6r2oImEEfmKnJpiiHmNIkvTRnGlV9RyRLPMawLECUMEx2tg2FQByPh7F7PFnArgq4nG7QXrbfAUvukvynnsi1BDFlemqEYuxlkWKafU4oZGZZHPSlvhQUPaPcHb3eNz3rbaA4DTyeC3OhYltPAPLtZytthOBstYoYZjU5Iphwrw4GUIygXfBBZlNDP2G+1HJhKF7q+pqtQIT1SKxj3dSlrixgtKnPiIS2FaD0rZGmW4wJYrfT7pRxBoqVCHAfPfQrgiiG2YeT179BeaVWHUC+UsvEwhFolTttyEiStpfwKhJBR1cqAZW206GS+WgEllmF5SdsvzgZZYHBZN7gKPoZjeTJqxjATEan8xLidEXMk/d1UW6kYK9CWsyIkGRqkre8beOlCCGXmUkVMM8g2iUkJjhUwzcfSyomm3UnvMenrpOl6TLEMYyn1o9VSVS94o1iGGO7b17/FHVoGY1iHio7QUimKmxgP406UIjADxAI4rYCrrPeY6aFRVVUGQ1FgwR5Pa2XUkoiaOqGoN6/9SYwayKwvqPvQrxhkvU+Ol4dQS706kWK5rMSlOuOn6TE01oDMtJmIsGGLVMC0162VQoyARgD1mKGxpFXRs+HA2GAMSbYI7ZpgG4RjwlCNCWKQT+WnqVEYbna7w0E/6SKXJgsSijDuEuPEywtll/AjW+DqpGGOsZes212vN1Xw3jJbVfPBLo7ItgnMP+jiDealmLVRFSUlgpSsI+lDuivRxWSa9RNZQypuRArCeIv8FDVtM8mwbWgiPUP0e5izXfObXEMge1xYdkomNyCSbAp6FQdJ+qVxN1iM11eoCAWQHbLY5BiJ8qVuh1pkv49hVZTdyY4cB9yG5GHe1Lv+HfwuZm+aTpdFk0dlNPKqIE9Ah0MrYCV2GswCiTv0QGI5rQaennM7TJC9O2jHPqa+kwy7G7pkU8eN7G4v9jDoo0cvaM3UQHSyOBrW5Rb4rNkt0QorbnTjVMTLqTpmQbFck/Y3YTnq49yAm03PUDubN/eeYZKhqoaBfnxyzCl1AFo9qAsKql1J14j7NGIP2gbqnPCYu8HWDdkZjf4pSBsbZJdC/h43/BrlYhdFpkf5DdsO7RT1wmbd90Lfb/ba/Tv93qAThqNIZ6sWOCmjwVZ7vIUi6o43YLjVpSv5d5q375EgvZfZop7AcSoupC9sGQ3b7fZWn/xzZMT6iFZiktChK/ftVivq9d1OdCfqRa1b+kxX4M0NxeYaWdk2nUbaNTI1qCXWJ67kP0xyLiogJW5HH63COz4uDW+ks3VErWB0LveY24pg1NaTBW59cyVeJ3RJYI7JtoqS0FBfmVeXXQIGqIV6uen5zbDZbC5nd+HNQs0vp9zylye8E2xBkBvkBdeBE2AUuenhcHBwcHBwcHBwcHBwcHBwcHBwcHBwcHBwcHBwcHBwcHBwcHBwcHCsJMxbuv88g/8HESXYIqbtrYYAAAAASUVORK5CYII=',0,15,13,0,'2026-06-12 10:36:45',NULL),(30,25,12,'CHECK','',0,15,15,0,'2026-06-17 14:59:39',NULL),(31,26,12,'CHECK','',0,15,15,0,'2026-06-17 15:00:13',NULL),(32,27,12,'CHECK','',0,15,15,0,'2026-06-17 15:03:12',NULL),(33,28,12,'PHOTO','data:image/png;base64,iVBORw0KGgoAAAANSUhEUgAAAOEAAADhCAMAAAAJbSJIAAABdFBMVEX///8AAADDw8OwsLDm7fOzs7O1tbW5ubm6urqnp6ekpKTBwcG9vb2pqamhoaHFxcXLy8vPz8/4+PjV1dWTk5Pb29vn5+ebm5tnZ2eQkJCGhobt7e3Z2dl0dHSAgIB6enpKSkpYWFhgYGAtLS0bGxtMTEw+Pj45OTkcHBwjIyNkZGQrKysREREzMzP/9vr+6O3//PUgAAD+3+f41tL3y8rtubr959/hmZTkXFbsQDzzODnzW1LuSUbmkIviVlr7OTziYVj5REniRk7pfoD3wcL53c/6aGbzraPgP0DmbG/uTFnISUquPD30zb7wRE8oAADWd3zgV2V8KiuKPUtcEw/oZmfvRDFmPkRvJSsTAADdn6VmKiyLLy8tExHy8OPIiog+DxP2Rl7m0c+MeoFdHh3vuKs9AADvnqNfTE9xY2b+090hMDR3l5yhx9lMW2ey1N9fdIGOxdOp3PN+pbc8T1p/utp5h5a65PV2t8zR6fVtj5mvyteOIx/CAAASlUlEQVR4nO1dC3fbxpXWJUSAD7xBgHgQJEGKpCmRkmLJTqwqViWn67ppvW13k02Tdrfb7K63cRTHdtx4kz+/d2YAECApSrJFSTxnvsQyBeAQ88193xnAa2scHBwcHBwcHBwcHBwcHBwcHBwcHBwcHBwcHBwcHBwcHBwcHBwcHBwcHDcKs2g4a/aabQVazfOa0TDs9MaR50Zuy3XDZktt1YTQ9Zu+F3aaNfOmh/sOqEMOUQRbvXEbhiOAO/j7iB6lP7fwp37Tw30HSNBQKjXZChpBYGVFZJprZrC2FgSB6eAvDn4Wwbmxcb47dAimD+3u7e/t37u/O3NtYyUZqjB1YPfDjx4cHP7i4PDhx/enTulgX9ewrhB1yHuP/YcHR0jwl4cHR8cnH+Y5BqBd59CuCLU8w3sPjh482t/Z3t3ee3xydPBwP6urzop6mvQjkvnk6cHJs4TUrz46+qfDx5lrLShc69iuBl7WDvd+fXTyq/izuffkN5/+9uTwdxMp2iBc69iuBn7GP+4+OTrco4R213YfP3j6zwB/OvlsOz1vQ/H6B/jeqGVkuHty9Aj9Ccpvd+f3h0d/8PXG8z8eP0vPWytph9losXN4sK8OYEte2/+Xfz3+7C4ean9x/IvUoa6qDCe+dP/zw3+Dfgvgd0+/+NPviXba8NXxwb3kvDCbHawAvAzDLx88hNDEoPDVn/8C/074AfzHwcF+cn41tbSe0dJnB79FvuaXH8Bf/0KIS1Bxnh0dp1rqgHETQ3xP+FmGx1+M1u4/+s+/fvBMIId1sNaeHJ1k7NC6gRG+L7K+9MPjr+Bvnx1/Cl/H5mmt7T09epQGxMpKZt5+xg4/Of50BH/8M6BDKTIyGCEPvkzPKyvqaSaf7390/Ol/fQA9JCeTMkKNPj44ejiJ+OpK1ha9bOb93wcHx3/YIwmqTQ7X/+fw6Hh/clpcSYZuNi+9/9HR0aPEsezef4IE72VOF2EV+zStnG3tPfn84DdPHu/v3d/75NGvjz4/uZetnoSV9DS1/Ki3P356cHR4fPDgwcHR0fHD/bUsQ2MlK+AZudx//PDkwQEW+g9OHu/mCK41VrJ6as1q3vbO3r1nzx7vzfSiDJCvaVRXCf8S3sOG0hJHsiyEIBQ0QbFEu1rWzMBaFA+slYwWDsyiG/XGrucrqq/KquerqlxXNa1eD1s3Pdp3QlC1bcexbUO3GhWlLviD3ma7547nMN/wb3qwVwozMO1AN5xGYDmBEeA0rGK45+Dg4OC4CaxixAjkknLBsi8wIoDBqmXfwZCmKz333FaoWcOsxg0B2islSBNADTS51kbhLG6keSNoSuum6bSgc02DuxJsJmU7kVB0tnCcHkS6uU5g1mFl8lMTK3x18lsdzuzaYwUirK3HwMkIr2eA748qRNlfgzHU515nw0ZhfQLTXZkFjPFw6sDm3NUlZzSw17Mwh73rGN77Q5rZeRAAbdsEZsOxAzPeJGUOIE+Q6Olq9PfbWzOHjDvDfNU7jGoRNNan4EDtBsZ7aZjgzR4cDOu1ilAUikWvptTqbqsL4JvTDNfbKyHE0rxRppV8HBpMc71qzxBcF6BxrWN9N1QWyiGYpZWBngkztxfN0aKzixkGKxH1u5uLzi5maLrRCtQZi/3hOQybq7DSNn4Phuv+9L7U1cNshMihodz0AC+AYKGencNwBXQUM7TFDn8xQ7d9PaN8D5jd8TkXLGQYnlcx3zz88xblzYW+xpTOqLRuDS6QOy8Wotkc3W5bDC+QOi+mWLrlu9ygeYGLFlIMbncv44JbYxZS3JzuENwqhBdNuhZwVG51WhN1L3rlGS4V04XbvYHI7V/i4ll+JtEAE6RlDe8KMJ5t0SyCaQbBehCYBJODIF71sK4Q4+isMzPZ6pkG27jVW6SiM1I2ewCQ3b1mhvh7a77fvd3bTVvzfWkAUcFRJz24YANUq9qfH1qiy9jyteOMApbtiXbS/WsCJp84FdHc2A4LuyA3DX2+WEYgBLbWTJczWtBEgnZ/nsS1C+zjs0v1pW26tRennXO7wSiW5JHu+Pcmfm6TJ7nnXBudlzQEHvmqZaV2FfQPC9eHuu15R8fQU5TaFiQWpuAQx70hzPG8AbiLvt+q9MmSgBANLjbgy6IBHZzA0DpbkMW5z6GxXd8KJE0Ym9JQ561ISQsegjJLPYBBS6nKJXdJPbka6JrR7AK4Z9rKzMoaDmx7ZwvC5piEi8DrhCb5ona4AeXt7elxOnBmi8D0UfK+YVmaJEoeVN+dxgIM2qWiqFsCCnLoz49a2kzXent75+7O1//7d584BwPYGxS05t+//tvduzvbUxdHZ6VsgYDKUzEsXZdFhLqkxAdlJxQFSbfsUhugb8/TlP504owEv/nmGyRD2dTZ4uI2PZocTFE/I5+xyJYHyTJ0vVqSRLFYlJa0wIEM8dtFuarpti1sAMxx2mZ3KidhDL+J5eWweJI/mKA+381IyK9VNQg/WUKCYlGoLmmBA1oSMkSKhWpBb9j1LXT6M3OpTe1MmCLjBezgzt27UzJ0xvOcq9nEsLKpWUhQQxfDCAql5RQgJriEYFGUZK1QrRYs2wrH0PenBFlAT5QVI2WzM2Vy6H4QWU9ThTmjdpobEKk65VcoxCoqIJbTknOgIxUpR6lawBsWCrrtKBigavnmUaCibLXJ4Lcppr8tf1BoQ3+mBWVhdOgpDVRPvBtOKhEhJVhULtQQujQMqAlFCrFURVvUNCTasIsRZiuVnCDJRqFR/aKPUQRGi+xwH0/pQhXNz1eIe9EIKEGJSRAZLsUODSiTb48pFnQUIrmxYVv+EKVWyCQCRRjiob56bm8xMGqksnr+7enp82yMc+p9GHmaQeWHUxlLUKQEhaI8Pz18X4igJAwpxRhaAcOHWCPxOMlHyvDdixen3z9H4fqS5czlaUtesxMRdt+/Pn3x8s3L0x/SpEfH48OmZhHxFYj8CkyCoigwhgJUlsOwXpxPsaAZtl5xAToyeTdEC757+erVq5dvX//0nKbc/TDy60VDMzRJVgRJcKM7RHKj5z98/+3pm5fk4jdvX774jnrhQPNgKyxidNc09uWEISPIRCgIynJkKIAaKwmliGExvjuladh2A10MFkZV+MePbwhe4f+vXr7+6R/PYTjqZrbTjPrDWhdevHxLuL19S2fj7ZtXPw7aazpaH3QsRi+dQeJG40DBsJziImQyjCmKJbmQYUg8K5JUUb9G0f+9eEVHf4qSQbw6pVMeBHp36IJKt55YOA0v3yC509O3pz/iD1TVn0lZBb5G+MXKGXMkoX6ipIJQWY6naUFyA/RoRVHEmJEw1ApMofSGQzKQ59/+/O1PP/384sfT129PX79+/e0mlAxbrfZhgI6lIxuF4gjCH777AfF8BBv9+O1fcMcXZV0nwTarHsiwlFPSorqcaBGlDClJkUVFTS+w4cRcG7bVmvN003wMu73BVhT2Wn7Ycd0eyBZJXEolWZar1dTQiY7G2UwcLdTl7A/rgVTMMCS5zUSP0tmWC5rt9EEwLFnxvVqtXBPVYgVTSVGXBd3Wq4ZYUYSqbTUc23bY818Elm3LICAPoo8lArma6miJ6mgxlaGynJxmsCUJeSmW4twmnWsiAMw7tE7XwICpGY0GG74d/91gsCzLIH8M/Gno+BcqJgbzCtSQIKVIgaIkhlCtSlN+Bj3NUuxw2I8ZiqkUSxlNIvwoQRxlr6+oahkTBKLJNCGhflerxpdm5oTWC0WhXFFVD3zqw0RRTDli8lRlXzoRIYkWy7DDAEIxL0NMUOXE2xB6qTJJmxuqqlYqZUVgk5Dz/BP/pFGpE4IKEkSGHgu4E47UJNOSIr21uhQZBuDPMKQUtUIiPsYPR4gxgTFEipKckVkhyzDRapRJBRlWiAyFlOKEIyOYZSgsJeLr0JphKIrEH7CBsohFx8EYxhSFrEeKCcYM5ViAREURNailATerqoxgypCMApbxaK0Vz3A8i/HfYinWTiljK2InYVhWUFOLUt4lxaGlSgkKhCBjiFEu/V5GkdHM8UPbForlpTydEST3J/E+ARkBk5+YcQZiK2VYpmLEiZjWVGaBjF9M0MtaeqyqjGYsxJSnuLGwrfqOcNj9E2YZpPSSEaCW1isEZUaRqGqpquX4EYLEwyT0cELUvB3Qu8SamtyK3qIolIbL8KUGeCINEXl6E0xUqYgyLGcZEjFmPQ7xTChAJUuQ2GHGDqgJiCz6z9BcTgWsYuI9Lb0cvYwvaIGXZ8gopgSZBeb5qWqdaknG2EUW9mXiTxOazL8uhWEZlHm6mSE4YehTLS1PCBI9FUUmxVSAdBKyFKGTz5rEOCBWWVCMWeIhbXSV1VPSUvJALmboMa1J1Sfn7cQmYABIGJbLFSrDuBwhFoiiovSmGbZzDClBktbEQJaEaLUghxCaJt0AYDvZTQDvAGMwgu4INnvd9ggUpjezyHoZOjRvIkMUVexsqF0RgRABlmfooasBN+NpmI5SEWJ8od1EgoKudKZLlPdpadihW28pXnezGY4JwxlypXkMJaqlWSVNKJIx0xifMpzwrKMMswxZiYEMsbaWWrU40ythjd3ueM26UvMkT62pvqBd0Y5NF4rCrAipp8v7GRYPKUMlw1CJ3eOEX1ZPK9TTdEpC4mpwNgi/ElZjxXCArAzME3TNBfAMZ/FG5HdFCKrMCjeKyccZgsQOqQyVDARGUSAxnjJkNLPeRoEwtcPEy1TFaAPpeRFoWI7VAGrL22LrDMAtsRKcJvzEQEh1MJ8hxsMcQyFhGPOLdTglWMf/lJErJcFCZCpaIp1YBYtlDwQiv/Zy35rVAujVmVtjrRTd9SSDrOgJeUgu1FjePWEoMksUUHPpiXJKMfU0ykZPTr+CRcIaeA27YWga2ihAuPQtb6aKt6ljRU6r2oImEEfmKnJpiiHmNIkvTRnGlV9RyRLPMawLECUMEx2tg2FQByPh7F7PFnArgq4nG7QXrbfAUvukvynnsi1BDFlemqEYuxlkWKafU4oZGZZHPSlvhQUPaPcHb3eNz3rbaA4DTyeC3OhYltPAPLtZytthOBstYoYZjU5Iphwrw4GUIygXfBBZlNDP2G+1HJhKF7q+pqtQIT1SKxj3dSlrixgtKnPiIS2FaD0rZGmW4wJYrfT7pRxBoqVCHAfPfQrgiiG2YeT179BeaVWHUC+UsvEwhFolTttyEiStpfwKhJBR1cqAZW206GS+WgEllmF5SdsvzgZZYHBZN7gKPoZjeTJqxjATEan8xLidEXMk/d1UW6kYK9CWsyIkGRqkre8beOlCCGXmUkVMM8g2iUkJjhUwzcfSyomm3UnvMenrpOl6TLEMYyn1o9VSVS94o1iGGO7b17/FHVoGY1iHio7QUimKmxgP406UIjADxAI4rYCrrPeY6aFRVVUGQ1FgwR5Pa2XUkoiaOqGoN6/9SYwayKwvqPvQrxhkvU+Ol4dQS706kWK5rMSlOuOn6TE01oDMtJmIsGGLVMC0162VQoyARgD1mKGxpFXRs+HA2GAMSbYI7ZpgG4RjwlCNCWKQT+WnqVEYbna7w0E/6SKXJgsSijDuEuPEywtll/AjW+DqpGGOsZes212vN1Xw3jJbVfPBLo7ItgnMP+jiDealmLVRFSUlgpSsI+lDuivRxWSa9RNZQypuRArCeIv8FDVtM8mwbWgiPUP0e5izXfObXEMge1xYdkomNyCSbAp6FQdJ+qVxN1iM11eoCAWQHbLY5BiJ8qVuh1pkv49hVZTdyY4cB9yG5GHe1Lv+HfwuZm+aTpdFk0dlNPKqIE9Ah0MrYCV2GswCiTv0QGI5rQaennM7TJC9O2jHPqa+kwy7G7pkU8eN7G4v9jDoo0cvaM3UQHSyOBrW5Rb4rNkt0QorbnTjVMTLqTpmQbFck/Y3YTnq49yAm03PUDubN/eeYZKhqoaBfnxyzCl1AFo9qAsKql1J14j7NGIP2gbqnPCYu8HWDdkZjf4pSBsbZJdC/h43/BrlYhdFpkf5DdsO7RT1wmbd90Lfb/ba/Tv93qAThqNIZ6sWOCmjwVZ7vIUi6o43YLjVpSv5d5q375EgvZfZop7AcSoupC9sGQ3b7fZWn/xzZMT6iFZiktChK/ftVivq9d1OdCfqRa1b+kxX4M0NxeYaWdk2nUbaNTI1qCXWJ67kP0xyLiogJW5HH63COz4uDW+ks3VErWB0LveY24pg1NaTBW59cyVeJ3RJYI7JtoqS0FBfmVeXXQIGqIV6uen5zbDZbC5nd+HNQs0vp9zylye8E2xBkBvkBdeBE2AUuenhcHBwcHBwcHBwcHBwcHBwcHBwcHBwcHBwcHBwcHBwcHBwcHBwcHCsJMxbuv88g/8HESXYIqbtrYYAAAAASUVORK5CYII=',0,15,16,0,'2026-06-17 15:13:43',NULL),(34,29,12,'CHECK','',0,15,15,0,'2026-06-17 15:24:58',NULL),(35,30,12,'CHECK','',0,15,15,0,'2026-06-17 15:36:58',NULL),(36,31,13,'CHECK','',0,15,15,0,'2026-06-17 15:40:08',NULL),(37,32,13,'CHECK','',0,15,15,0,'2026-06-17 16:01:03',NULL),(38,33,13,'CHECK','',0,15,15,0,'2026-06-17 16:01:13',NULL),(39,34,13,'CHECK','',0,15,16,0,'2026-06-17 17:22:38',NULL),(40,35,13,'CHECK','',0,15,15,0,'2026-06-17 17:31:26',NULL),(41,36,13,'CHECK','',0,15,13,0,'2026-06-17 17:40:20',NULL),(42,37,13,'PHOTO','data:image/png;base64,iVBORw0KGgoAAAANSUhEUgAAAOEAAADhCAMAAAAJbSJIAAABdFBMVEX///8AAADDw8OwsLDm7fOzs7O1tbW5ubm6urqnp6ekpKTBwcG9vb2pqamhoaHFxcXLy8vPz8/4+PjV1dWTk5Pb29vn5+ebm5tnZ2eQkJCGhobt7e3Z2dl0dHSAgIB6enpKSkpYWFhgYGAtLS0bGxtMTEw+Pj45OTkcHBwjIyNkZGQrKysREREzMzP/9vr+6O3//PUgAAD+3+f41tL3y8rtubr959/hmZTkXFbsQDzzODnzW1LuSUbmkIviVlr7OTziYVj5REniRk7pfoD3wcL53c/6aGbzraPgP0DmbG/uTFnISUquPD30zb7wRE8oAADWd3zgV2V8KiuKPUtcEw/oZmfvRDFmPkRvJSsTAADdn6VmKiyLLy8tExHy8OPIiog+DxP2Rl7m0c+MeoFdHh3vuKs9AADvnqNfTE9xY2b+090hMDR3l5yhx9lMW2ey1N9fdIGOxdOp3PN+pbc8T1p/utp5h5a65PV2t8zR6fVtj5mvyteOIx/CAAASlUlEQVR4nO1dC3fbxpXWJUSAD7xBgHgQJEGKpCmRkmLJTqwqViWn67ppvW13k02Tdrfb7K63cRTHdtx4kz+/d2YAECApSrJFSTxnvsQyBeAQ88193xnAa2scHBwcHBwcHBwcHBwcHBwcHBwcHBwcHBwcHBwcHBwcHBwcHBwcHBwcHDcKs2g4a/aabQVazfOa0TDs9MaR50Zuy3XDZktt1YTQ9Zu+F3aaNfOmh/sOqEMOUQRbvXEbhiOAO/j7iB6lP7fwp37Tw30HSNBQKjXZChpBYGVFZJprZrC2FgSB6eAvDn4Wwbmxcb47dAimD+3u7e/t37u/O3NtYyUZqjB1YPfDjx4cHP7i4PDhx/enTulgX9ewrhB1yHuP/YcHR0jwl4cHR8cnH+Y5BqBd59CuCLU8w3sPjh482t/Z3t3ee3xydPBwP6urzop6mvQjkvnk6cHJs4TUrz46+qfDx5lrLShc69iuBl7WDvd+fXTyq/izuffkN5/+9uTwdxMp2iBc69iuBn7GP+4+OTrco4R213YfP3j6zwB/OvlsOz1vQ/H6B/jeqGVkuHty9Aj9Ccpvd+f3h0d/8PXG8z8eP0vPWytph9losXN4sK8OYEte2/+Xfz3+7C4ean9x/IvUoa6qDCe+dP/zw3+Dfgvgd0+/+NPviXba8NXxwb3kvDCbHawAvAzDLx88hNDEoPDVn/8C/074AfzHwcF+cn41tbSe0dJnB79FvuaXH8Bf/0KIS1Bxnh0dp1rqgHETQ3xP+FmGx1+M1u4/+s+/fvBMIId1sNaeHJ1k7NC6gRG+L7K+9MPjr+Bvnx1/Cl/H5mmt7T09epQGxMpKZt5+xg4/Of50BH/8M6BDKTIyGCEPvkzPKyvqaSaf7390/Ol/fQA9JCeTMkKNPj44ejiJ+OpK1ha9bOb93wcHx3/YIwmqTQ7X/+fw6Hh/clpcSYZuNi+9/9HR0aPEsezef4IE72VOF2EV+zStnG3tPfn84DdPHu/v3d/75NGvjz4/uZetnoSV9DS1/Ki3P356cHR4fPDgwcHR0fHD/bUsQ2MlK+AZudx//PDkwQEW+g9OHu/mCK41VrJ6as1q3vbO3r1nzx7vzfSiDJCvaVRXCf8S3sOG0hJHsiyEIBQ0QbFEu1rWzMBaFA+slYwWDsyiG/XGrucrqq/KquerqlxXNa1eD1s3Pdp3QlC1bcexbUO3GhWlLviD3ma7547nMN/wb3qwVwozMO1AN5xGYDmBEeA0rGK45+Dg4OC4CaxixAjkknLBsi8wIoDBqmXfwZCmKz333FaoWcOsxg0B2islSBNADTS51kbhLG6keSNoSuum6bSgc02DuxJsJmU7kVB0tnCcHkS6uU5g1mFl8lMTK3x18lsdzuzaYwUirK3HwMkIr2eA748qRNlfgzHU515nw0ZhfQLTXZkFjPFw6sDm3NUlZzSw17Mwh73rGN77Q5rZeRAAbdsEZsOxAzPeJGUOIE+Q6Olq9PfbWzOHjDvDfNU7jGoRNNan4EDtBsZ7aZjgzR4cDOu1ilAUikWvptTqbqsL4JvTDNfbKyHE0rxRppV8HBpMc71qzxBcF6BxrWN9N1QWyiGYpZWBngkztxfN0aKzixkGKxH1u5uLzi5maLrRCtQZi/3hOQybq7DSNn4Phuv+9L7U1cNshMihodz0AC+AYKGencNwBXQUM7TFDn8xQ7d9PaN8D5jd8TkXLGQYnlcx3zz88xblzYW+xpTOqLRuDS6QOy8Wotkc3W5bDC+QOi+mWLrlu9ygeYGLFlIMbncv44JbYxZS3JzuENwqhBdNuhZwVG51WhN1L3rlGS4V04XbvYHI7V/i4ll+JtEAE6RlDe8KMJ5t0SyCaQbBehCYBJODIF71sK4Q4+isMzPZ6pkG27jVW6SiM1I2ewCQ3b1mhvh7a77fvd3bTVvzfWkAUcFRJz24YANUq9qfH1qiy9jyteOMApbtiXbS/WsCJp84FdHc2A4LuyA3DX2+WEYgBLbWTJczWtBEgnZ/nsS1C+zjs0v1pW26tRennXO7wSiW5JHu+Pcmfm6TJ7nnXBudlzQEHvmqZaV2FfQPC9eHuu15R8fQU5TaFiQWpuAQx70hzPG8AbiLvt+q9MmSgBANLjbgy6IBHZzA0DpbkMW5z6GxXd8KJE0Ym9JQ561ISQsegjJLPYBBS6nKJXdJPbka6JrR7AK4Z9rKzMoaDmx7ZwvC5piEi8DrhCb5ona4AeXt7elxOnBmi8D0UfK+YVmaJEoeVN+dxgIM2qWiqFsCCnLoz49a2kzXent75+7O1//7d584BwPYGxS05t+//tvduzvbUxdHZ6VsgYDKUzEsXZdFhLqkxAdlJxQFSbfsUhugb8/TlP504owEv/nmGyRD2dTZ4uI2PZocTFE/I5+xyJYHyTJ0vVqSRLFYlJa0wIEM8dtFuarpti1sAMxx2mZ3KidhDL+J5eWweJI/mKA+381IyK9VNQg/WUKCYlGoLmmBA1oSMkSKhWpBb9j1LXT6M3OpTe1MmCLjBezgzt27UzJ0xvOcq9nEsLKpWUhQQxfDCAql5RQgJriEYFGUZK1QrRYs2wrH0PenBFlAT5QVI2WzM2Vy6H4QWU9ThTmjdpobEKk65VcoxCoqIJbTknOgIxUpR6lawBsWCrrtKBigavnmUaCibLXJ4Lcppr8tf1BoQ3+mBWVhdOgpDVRPvBtOKhEhJVhULtQQujQMqAlFCrFURVvUNCTasIsRZiuVnCDJRqFR/aKPUQRGi+xwH0/pQhXNz1eIe9EIKEGJSRAZLsUODSiTb48pFnQUIrmxYVv+EKVWyCQCRRjiob56bm8xMGqksnr+7enp82yMc+p9GHmaQeWHUxlLUKQEhaI8Pz18X4igJAwpxRhaAcOHWCPxOMlHyvDdixen3z9H4fqS5czlaUtesxMRdt+/Pn3x8s3L0x/SpEfH48OmZhHxFYj8CkyCoigwhgJUlsOwXpxPsaAZtl5xAToyeTdEC757+erVq5dvX//0nKbc/TDy60VDMzRJVgRJcKM7RHKj5z98/+3pm5fk4jdvX774jnrhQPNgKyxidNc09uWEISPIRCgIynJkKIAaKwmliGExvjuladh2A10MFkZV+MePbwhe4f+vXr7+6R/PYTjqZrbTjPrDWhdevHxLuL19S2fj7ZtXPw7aazpaH3QsRi+dQeJG40DBsJziImQyjCmKJbmQYUg8K5JUUb9G0f+9eEVHf4qSQbw6pVMeBHp36IJKt55YOA0v3yC509O3pz/iD1TVn0lZBb5G+MXKGXMkoX6ipIJQWY6naUFyA/RoRVHEmJEw1ApMofSGQzKQ59/+/O1PP/384sfT129PX79+/e0mlAxbrfZhgI6lIxuF4gjCH777AfF8BBv9+O1fcMcXZV0nwTarHsiwlFPSorqcaBGlDClJkUVFTS+w4cRcG7bVmvN003wMu73BVhT2Wn7Ycd0eyBZJXEolWZar1dTQiY7G2UwcLdTl7A/rgVTMMCS5zUSP0tmWC5rt9EEwLFnxvVqtXBPVYgVTSVGXBd3Wq4ZYUYSqbTUc23bY818Elm3LICAPoo8lArma6miJ6mgxlaGynJxmsCUJeSmW4twmnWsiAMw7tE7XwICpGY0GG74d/91gsCzLIH8M/Gno+BcqJgbzCtSQIKVIgaIkhlCtSlN+Bj3NUuxw2I8ZiqkUSxlNIvwoQRxlr6+oahkTBKLJNCGhflerxpdm5oTWC0WhXFFVD3zqw0RRTDli8lRlXzoRIYkWy7DDAEIxL0NMUOXE2xB6qTJJmxuqqlYqZUVgk5Dz/BP/pFGpE4IKEkSGHgu4E47UJNOSIr21uhQZBuDPMKQUtUIiPsYPR4gxgTFEipKckVkhyzDRapRJBRlWiAyFlOKEIyOYZSgsJeLr0JphKIrEH7CBsohFx8EYxhSFrEeKCcYM5ViAREURNailATerqoxgypCMApbxaK0Vz3A8i/HfYinWTiljK2InYVhWUFOLUt4lxaGlSgkKhCBjiFEu/V5GkdHM8UPbForlpTydEST3J/E+ARkBk5+YcQZiK2VYpmLEiZjWVGaBjF9M0MtaeqyqjGYsxJSnuLGwrfqOcNj9E2YZpPSSEaCW1isEZUaRqGqpquX4EYLEwyT0cELUvB3Qu8SamtyK3qIolIbL8KUGeCINEXl6E0xUqYgyLGcZEjFmPQ7xTChAJUuQ2GHGDqgJiCz6z9BcTgWsYuI9Lb0cvYwvaIGXZ8gopgSZBeb5qWqdaknG2EUW9mXiTxOazL8uhWEZlHm6mSE4YehTLS1PCBI9FUUmxVSAdBKyFKGTz5rEOCBWWVCMWeIhbXSV1VPSUvJALmboMa1J1Sfn7cQmYABIGJbLFSrDuBwhFoiiovSmGbZzDClBktbEQJaEaLUghxCaJt0AYDvZTQDvAGMwgu4INnvd9ggUpjezyHoZOjRvIkMUVexsqF0RgRABlmfooasBN+NpmI5SEWJ8od1EgoKudKZLlPdpadihW28pXnezGY4JwxlypXkMJaqlWSVNKJIx0xifMpzwrKMMswxZiYEMsbaWWrU40ythjd3ueM26UvMkT62pvqBd0Y5NF4rCrAipp8v7GRYPKUMlw1CJ3eOEX1ZPK9TTdEpC4mpwNgi/ElZjxXCArAzME3TNBfAMZ/FG5HdFCKrMCjeKyccZgsQOqQyVDARGUSAxnjJkNLPeRoEwtcPEy1TFaAPpeRFoWI7VAGrL22LrDMAtsRKcJvzEQEh1MJ8hxsMcQyFhGPOLdTglWMf/lJErJcFCZCpaIp1YBYtlDwQiv/Zy35rVAujVmVtjrRTd9SSDrOgJeUgu1FjePWEoMksUUHPpiXJKMfU0ykZPTr+CRcIaeA27YWga2ihAuPQtb6aKt6ljRU6r2oImEEfmKnJpiiHmNIkvTRnGlV9RyRLPMawLECUMEx2tg2FQByPh7F7PFnArgq4nG7QXrbfAUvukvynnsi1BDFlemqEYuxlkWKafU4oZGZZHPSlvhQUPaPcHb3eNz3rbaA4DTyeC3OhYltPAPLtZytthOBstYoYZjU5Iphwrw4GUIygXfBBZlNDP2G+1HJhKF7q+pqtQIT1SKxj3dSlrixgtKnPiIS2FaD0rZGmW4wJYrfT7pRxBoqVCHAfPfQrgiiG2YeT179BeaVWHUC+UsvEwhFolTttyEiStpfwKhJBR1cqAZW206GS+WgEllmF5SdsvzgZZYHBZN7gKPoZjeTJqxjATEan8xLidEXMk/d1UW6kYK9CWsyIkGRqkre8beOlCCGXmUkVMM8g2iUkJjhUwzcfSyomm3UnvMenrpOl6TLEMYyn1o9VSVS94o1iGGO7b17/FHVoGY1iHio7QUimKmxgP406UIjADxAI4rYCrrPeY6aFRVVUGQ1FgwR5Pa2XUkoiaOqGoN6/9SYwayKwvqPvQrxhkvU+Ol4dQS706kWK5rMSlOuOn6TE01oDMtJmIsGGLVMC0162VQoyARgD1mKGxpFXRs+HA2GAMSbYI7ZpgG4RjwlCNCWKQT+WnqVEYbna7w0E/6SKXJgsSijDuEuPEywtll/AjW+DqpGGOsZes212vN1Xw3jJbVfPBLo7ItgnMP+jiDealmLVRFSUlgpSsI+lDuivRxWSa9RNZQypuRArCeIv8FDVtM8mwbWgiPUP0e5izXfObXEMge1xYdkomNyCSbAp6FQdJ+qVxN1iM11eoCAWQHbLY5BiJ8qVuh1pkv49hVZTdyY4cB9yG5GHe1Lv+HfwuZm+aTpdFk0dlNPKqIE9Ah0MrYCV2GswCiTv0QGI5rQaennM7TJC9O2jHPqa+kwy7G7pkU8eN7G4v9jDoo0cvaM3UQHSyOBrW5Rb4rNkt0QorbnTjVMTLqTpmQbFck/Y3YTnq49yAm03PUDubN/eeYZKhqoaBfnxyzCl1AFo9qAsKql1J14j7NGIP2gbqnPCYu8HWDdkZjf4pSBsbZJdC/h43/BrlYhdFpkf5DdsO7RT1wmbd90Lfb/ba/Tv93qAThqNIZ6sWOCmjwVZ7vIUi6o43YLjVpSv5d5q375EgvZfZop7AcSoupC9sGQ3b7fZWn/xzZMT6iFZiktChK/ftVivq9d1OdCfqRa1b+kxX4M0NxeYaWdk2nUbaNTI1qCXWJ67kP0xyLiogJW5HH63COz4uDW+ks3VErWB0LveY24pg1NaTBW59cyVeJ3RJYI7JtoqS0FBfmVeXXQIGqIV6uen5zbDZbC5nd+HNQs0vp9zylye8E2xBkBvkBdeBE2AUuenhcHBwcHBwcHBwcHBwcHBwcHBwcHBwcHBwcHBwcHBwcHBwcHBwcHCsJMxbuv88g/8HESXYIqbtrYYAAAAASUVORK5CYII=',0,15,13,0,'2026-06-18 11:59:54',NULL),(43,37,13,'PHOTO','test.jpg',0,15,13,1,'2026-06-18 12:02:37',NULL),(44,38,13,'PHOTO','data:image/png;base64,iVBORw0KGgoAAAANSUhEUgAAAOEAAADhCAMAAAAJbSJIAAABdFBMVEX///8AAADDw8OwsLDm7fOzs7O1tbW5ubm6urqnp6ekpKTBwcG9vb2pqamhoaHFxcXLy8vPz8/4+PjV1dWTk5Pb29vn5+ebm5tnZ2eQkJCGhobt7e3Z2dl0dHSAgIB6enpKSkpYWFhgYGAtLS0bGxtMTEw+Pj45OTkcHBwjIyNkZGQrKysREREzMzP/9vr+6O3//PUgAAD+3+f41tL3y8rtubr959/hmZTkXFbsQDzzODnzW1LuSUbmkIviVlr7OTziYVj5REniRk7pfoD3wcL53c/6aGbzraPgP0DmbG/uTFnISUquPD30zb7wRE8oAADWd3zgV2V8KiuKPUtcEw/oZmfvRDFmPkRvJSsTAADdn6VmKiyLLy8tExHy8OPIiog+DxP2Rl7m0c+MeoFdHh3vuKs9AADvnqNfTE9xY2b+090hMDR3l5yhx9lMW2ey1N9fdIGOxdOp3PN+pbc8T1p/utp5h5a65PV2t8zR6fVtj5mvyteOIx/CAAASlUlEQVR4nO1dC3fbxpXWJUSAD7xBgHgQJEGKpCmRkmLJTqwqViWn67ppvW13k02Tdrfb7K63cRTHdtx4kz+/d2YAECApSrJFSTxnvsQyBeAQ88193xnAa2scHBwcHBwcHBwcHBwcHBwcHBwcHBwcHBwcHBwcHBwcHBwcHBwcHBwcHDcKs2g4a/aabQVazfOa0TDs9MaR50Zuy3XDZktt1YTQ9Zu+F3aaNfOmh/sOqEMOUQRbvXEbhiOAO/j7iB6lP7fwp37Tw30HSNBQKjXZChpBYGVFZJprZrC2FgSB6eAvDn4Wwbmxcb47dAimD+3u7e/t37u/O3NtYyUZqjB1YPfDjx4cHP7i4PDhx/enTulgX9ewrhB1yHuP/YcHR0jwl4cHR8cnH+Y5BqBd59CuCLU8w3sPjh482t/Z3t3ee3xydPBwP6urzop6mvQjkvnk6cHJs4TUrz46+qfDx5lrLShc69iuBl7WDvd+fXTyq/izuffkN5/+9uTwdxMp2iBc69iuBn7GP+4+OTrco4R213YfP3j6zwB/OvlsOz1vQ/H6B/jeqGVkuHty9Aj9Ccpvd+f3h0d/8PXG8z8eP0vPWytph9losXN4sK8OYEte2/+Xfz3+7C4ean9x/IvUoa6qDCe+dP/zw3+Dfgvgd0+/+NPviXba8NXxwb3kvDCbHawAvAzDLx88hNDEoPDVn/8C/074AfzHwcF+cn41tbSe0dJnB79FvuaXH8Bf/0KIS1Bxnh0dp1rqgHETQ3xP+FmGx1+M1u4/+s+/fvBMIId1sNaeHJ1k7NC6gRG+L7K+9MPjr+Bvnx1/Cl/H5mmt7T09epQGxMpKZt5+xg4/Of50BH/8M6BDKTIyGCEPvkzPKyvqaSaf7390/Ol/fQA9JCeTMkKNPj44ejiJ+OpK1ha9bOb93wcHx3/YIwmqTQ7X/+fw6Hh/clpcSYZuNi+9/9HR0aPEsezef4IE72VOF2EV+zStnG3tPfn84DdPHu/v3d/75NGvjz4/uZetnoSV9DS1/Ki3P356cHR4fPDgwcHR0fHD/bUsQ2MlK+AZudx//PDkwQEW+g9OHu/mCK41VrJ6as1q3vbO3r1nzx7vzfSiDJCvaVRXCf8S3sOG0hJHsiyEIBQ0QbFEu1rWzMBaFA+slYwWDsyiG/XGrucrqq/KquerqlxXNa1eD1s3Pdp3QlC1bcexbUO3GhWlLviD3ma7547nMN/wb3qwVwozMO1AN5xGYDmBEeA0rGK45+Dg4OC4CaxixAjkknLBsi8wIoDBqmXfwZCmKz333FaoWcOsxg0B2islSBNADTS51kbhLG6keSNoSuum6bSgc02DuxJsJmU7kVB0tnCcHkS6uU5g1mFl8lMTK3x18lsdzuzaYwUirK3HwMkIr2eA748qRNlfgzHU515nw0ZhfQLTXZkFjPFw6sDm3NUlZzSw17Mwh73rGN77Q5rZeRAAbdsEZsOxAzPeJGUOIE+Q6Olq9PfbWzOHjDvDfNU7jGoRNNan4EDtBsZ7aZjgzR4cDOu1ilAUikWvptTqbqsL4JvTDNfbKyHE0rxRppV8HBpMc71qzxBcF6BxrWN9N1QWyiGYpZWBngkztxfN0aKzixkGKxH1u5uLzi5maLrRCtQZi/3hOQybq7DSNn4Phuv+9L7U1cNshMihodz0AC+AYKGencNwBXQUM7TFDn8xQ7d9PaN8D5jd8TkXLGQYnlcx3zz88xblzYW+xpTOqLRuDS6QOy8Wotkc3W5bDC+QOi+mWLrlu9ygeYGLFlIMbncv44JbYxZS3JzuENwqhBdNuhZwVG51WhN1L3rlGS4V04XbvYHI7V/i4ll+JtEAE6RlDe8KMJ5t0SyCaQbBehCYBJODIF71sK4Q4+isMzPZ6pkG27jVW6SiM1I2ewCQ3b1mhvh7a77fvd3bTVvzfWkAUcFRJz24YANUq9qfH1qiy9jyteOMApbtiXbS/WsCJp84FdHc2A4LuyA3DX2+WEYgBLbWTJczWtBEgnZ/nsS1C+zjs0v1pW26tRennXO7wSiW5JHu+Pcmfm6TJ7nnXBudlzQEHvmqZaV2FfQPC9eHuu15R8fQU5TaFiQWpuAQx70hzPG8AbiLvt+q9MmSgBANLjbgy6IBHZzA0DpbkMW5z6GxXd8KJE0Ym9JQ561ISQsegjJLPYBBS6nKJXdJPbka6JrR7AK4Z9rKzMoaDmx7ZwvC5piEi8DrhCb5ona4AeXt7elxOnBmi8D0UfK+YVmaJEoeVN+dxgIM2qWiqFsCCnLoz49a2kzXent75+7O1//7d584BwPYGxS05t+//tvduzvbUxdHZ6VsgYDKUzEsXZdFhLqkxAdlJxQFSbfsUhugb8/TlP504owEv/nmGyRD2dTZ4uI2PZocTFE/I5+xyJYHyTJ0vVqSRLFYlJa0wIEM8dtFuarpti1sAMxx2mZ3KidhDL+J5eWweJI/mKA+381IyK9VNQg/WUKCYlGoLmmBA1oSMkSKhWpBb9j1LXT6M3OpTe1MmCLjBezgzt27UzJ0xvOcq9nEsLKpWUhQQxfDCAql5RQgJriEYFGUZK1QrRYs2wrH0PenBFlAT5QVI2WzM2Vy6H4QWU9ThTmjdpobEKk65VcoxCoqIJbTknOgIxUpR6lawBsWCrrtKBigavnmUaCibLXJ4Lcppr8tf1BoQ3+mBWVhdOgpDVRPvBtOKhEhJVhULtQQujQMqAlFCrFURVvUNCTasIsRZiuVnCDJRqFR/aKPUQRGi+xwH0/pQhXNz1eIe9EIKEGJSRAZLsUODSiTb48pFnQUIrmxYVv+EKVWyCQCRRjiob56bm8xMGqksnr+7enp82yMc+p9GHmaQeWHUxlLUKQEhaI8Pz18X4igJAwpxRhaAcOHWCPxOMlHyvDdixen3z9H4fqS5czlaUtesxMRdt+/Pn3x8s3L0x/SpEfH48OmZhHxFYj8CkyCoigwhgJUlsOwXpxPsaAZtl5xAToyeTdEC757+erVq5dvX//0nKbc/TDy60VDMzRJVgRJcKM7RHKj5z98/+3pm5fk4jdvX774jnrhQPNgKyxidNc09uWEISPIRCgIynJkKIAaKwmliGExvjuladh2A10MFkZV+MePbwhe4f+vXr7+6R/PYTjqZrbTjPrDWhdevHxLuL19S2fj7ZtXPw7aazpaH3QsRi+dQeJG40DBsJziImQyjCmKJbmQYUg8K5JUUb9G0f+9eEVHf4qSQbw6pVMeBHp36IJKt55YOA0v3yC509O3pz/iD1TVn0lZBb5G+MXKGXMkoX6ipIJQWY6naUFyA/RoRVHEmJEw1ApMofSGQzKQ59/+/O1PP/384sfT129PX79+/e0mlAxbrfZhgI6lIxuF4gjCH777AfF8BBv9+O1fcMcXZV0nwTarHsiwlFPSorqcaBGlDClJkUVFTS+w4cRcG7bVmvN003wMu73BVhT2Wn7Ycd0eyBZJXEolWZar1dTQiY7G2UwcLdTl7A/rgVTMMCS5zUSP0tmWC5rt9EEwLFnxvVqtXBPVYgVTSVGXBd3Wq4ZYUYSqbTUc23bY818Elm3LICAPoo8lArma6miJ6mgxlaGynJxmsCUJeSmW4twmnWsiAMw7tE7XwICpGY0GG74d/91gsCzLIH8M/Gno+BcqJgbzCtSQIKVIgaIkhlCtSlN+Bj3NUuxw2I8ZiqkUSxlNIvwoQRxlr6+oahkTBKLJNCGhflerxpdm5oTWC0WhXFFVD3zqw0RRTDli8lRlXzoRIYkWy7DDAEIxL0NMUOXE2xB6qTJJmxuqqlYqZUVgk5Dz/BP/pFGpE4IKEkSGHgu4E47UJNOSIr21uhQZBuDPMKQUtUIiPsYPR4gxgTFEipKckVkhyzDRapRJBRlWiAyFlOKEIyOYZSgsJeLr0JphKIrEH7CBsohFx8EYxhSFrEeKCcYM5ViAREURNailATerqoxgypCMApbxaK0Vz3A8i/HfYinWTiljK2InYVhWUFOLUt4lxaGlSgkKhCBjiFEu/V5GkdHM8UPbForlpTydEST3J/E+ARkBk5+YcQZiK2VYpmLEiZjWVGaBjF9M0MtaeqyqjGYsxJSnuLGwrfqOcNj9E2YZpPSSEaCW1isEZUaRqGqpquX4EYLEwyT0cELUvB3Qu8SamtyK3qIolIbL8KUGeCINEXl6E0xUqYgyLGcZEjFmPQ7xTChAJUuQ2GHGDqgJiCz6z9BcTgWsYuI9Lb0cvYwvaIGXZ8gopgSZBeb5qWqdaknG2EUW9mXiTxOazL8uhWEZlHm6mSE4YehTLS1PCBI9FUUmxVSAdBKyFKGTz5rEOCBWWVCMWeIhbXSV1VPSUvJALmboMa1J1Sfn7cQmYABIGJbLFSrDuBwhFoiiovSmGbZzDClBktbEQJaEaLUghxCaJt0AYDvZTQDvAGMwgu4INnvd9ggUpjezyHoZOjRvIkMUVexsqF0RgRABlmfooasBN+NpmI5SEWJ8od1EgoKudKZLlPdpadihW28pXnezGY4JwxlypXkMJaqlWSVNKJIx0xifMpzwrKMMswxZiYEMsbaWWrU40ythjd3ueM26UvMkT62pvqBd0Y5NF4rCrAipp8v7GRYPKUMlw1CJ3eOEX1ZPK9TTdEpC4mpwNgi/ElZjxXCArAzME3TNBfAMZ/FG5HdFCKrMCjeKyccZgsQOqQyVDARGUSAxnjJkNLPeRoEwtcPEy1TFaAPpeRFoWI7VAGrL22LrDMAtsRKcJvzEQEh1MJ8hxsMcQyFhGPOLdTglWMf/lJErJcFCZCpaIp1YBYtlDwQiv/Zy35rVAujVmVtjrRTd9SSDrOgJeUgu1FjePWEoMksUUHPpiXJKMfU0ykZPTr+CRcIaeA27YWga2ihAuPQtb6aKt6ljRU6r2oImEEfmKnJpiiHmNIkvTRnGlV9RyRLPMawLECUMEx2tg2FQByPh7F7PFnArgq4nG7QXrbfAUvukvynnsi1BDFlemqEYuxlkWKafU4oZGZZHPSlvhQUPaPcHb3eNz3rbaA4DTyeC3OhYltPAPLtZytthOBstYoYZjU5Iphwrw4GUIygXfBBZlNDP2G+1HJhKF7q+pqtQIT1SKxj3dSlrixgtKnPiIS2FaD0rZGmW4wJYrfT7pRxBoqVCHAfPfQrgiiG2YeT179BeaVWHUC+UsvEwhFolTttyEiStpfwKhJBR1cqAZW206GS+WgEllmF5SdsvzgZZYHBZN7gKPoZjeTJqxjATEan8xLidEXMk/d1UW6kYK9CWsyIkGRqkre8beOlCCGXmUkVMM8g2iUkJjhUwzcfSyomm3UnvMenrpOl6TLEMYyn1o9VSVS94o1iGGO7b17/FHVoGY1iHio7QUimKmxgP406UIjADxAI4rYCrrPeY6aFRVVUGQ1FgwR5Pa2XUkoiaOqGoN6/9SYwayKwvqPvQrxhkvU+Ol4dQS706kWK5rMSlOuOn6TE01oDMtJmIsGGLVMC0162VQoyARgD1mKGxpFXRs+HA2GAMSbYI7ZpgG4RjwlCNCWKQT+WnqVEYbna7w0E/6SKXJgsSijDuEuPEywtll/AjW+DqpGGOsZes212vN1Xw3jJbVfPBLo7ItgnMP+jiDealmLVRFSUlgpSsI+lDuivRxWSa9RNZQypuRArCeIv8FDVtM8mwbWgiPUP0e5izXfObXEMge1xYdkomNyCSbAp6FQdJ+qVxN1iM11eoCAWQHbLY5BiJ8qVuh1pkv49hVZTdyY4cB9yG5GHe1Lv+HfwuZm+aTpdFk0dlNPKqIE9Ah0MrYCV2GswCiTv0QGI5rQaennM7TJC9O2jHPqa+kwy7G7pkU8eN7G4v9jDoo0cvaM3UQHSyOBrW5Rb4rNkt0QorbnTjVMTLqTpmQbFck/Y3YTnq49yAm03PUDubN/eeYZKhqoaBfnxyzCl1AFo9qAsKql1J14j7NGIP2gbqnPCYu8HWDdkZjf4pSBsbZJdC/h43/BrlYhdFpkf5DdsO7RT1wmbd90Lfb/ba/Tv93qAThqNIZ6sWOCmjwVZ7vIUi6o43YLjVpSv5d5q375EgvZfZop7AcSoupC9sGQ3b7fZWn/xzZMT6iFZiktChK/ftVivq9d1OdCfqRa1b+kxX4M0NxeYaWdk2nUbaNTI1qCXWJ67kP0xyLiogJW5HH63COz4uDW+ks3VErWB0LveY24pg1NaTBW59cyVeJ3RJYI7JtoqS0FBfmVeXXQIGqIV6uen5zbDZbC5nd+HNQs0vp9zylye8E2xBkBvkBdeBE2AUuenhcHBwcHBwcHBwcHBwcHBwcHBwcHBwcHBwcHBwcHBwcHBwcHBwcHCsJMxbuv88g/8HESXYIqbtrYYAAAAASUVORK5CYII=',0,15,16,0,'2026-06-22 10:57:48',NULL),(45,39,14,'CHECK','',0,15,15,0,'2026-06-23 18:45:22',NULL),(46,42,16,'PHOTO','data:image/png;base64,iVBORw0KGgoAAAANSUhEUgAAAOEAAADhCAMAAAAJbSJIAAABdFBMVEX///8AAADDw8OwsLDm7fOzs7O1tbW5ubm6urqnp6ekpKTBwcG9vb2pqamhoaHFxcXLy8vPz8/4+PjV1dWTk5Pb29vn5+ebm5tnZ2eQkJCGhobt7e3Z2dl0dHSAgIB6enpKSkpYWFhgYGAtLS0bGxtMTEw+Pj45OTkcHBwjIyNkZGQrKysREREzMzP/9vr+6O3//PUgAAD+3+f41tL3y8rtubr959/hmZTkXFbsQDzzODnzW1LuSUbmkIviVlr7OTziYVj5REniRk7pfoD3wcL53c/6aGbzraPgP0DmbG/uTFnISUquPD30zb7wRE8oAADWd3zgV2V8KiuKPUtcEw/oZmfvRDFmPkRvJSsTAADdn6VmKiyLLy8tExHy8OPIiog+DxP2Rl7m0c+MeoFdHh3vuKs9AADvnqNfTE9xY2b+090hMDR3l5yhx9lMW2ey1N9fdIGOxdOp3PN+pbc8T1p/utp5h5a65PV2t8zR6fVtj5mvyteOIx/CAAASlUlEQVR4nO1dC3fbxpXWJUSAD7xBgHgQJEGKpCmRkmLJTqwqViWn67ppvW13k02Tdrfb7K63cRTHdtx4kz+/d2YAECApSrJFSTxnvsQyBeAQ88193xnAa2scHBwcHBwcHBwcHBwcHBwcHBwcHBwcHBwcHBwcHBwcHBwcHBwcHBwcHDcKs2g4a/aabQVazfOa0TDs9MaR50Zuy3XDZktt1YTQ9Zu+F3aaNfOmh/sOqEMOUQRbvXEbhiOAO/j7iB6lP7fwp37Tw30HSNBQKjXZChpBYGVFZJprZrC2FgSB6eAvDn4Wwbmxcb47dAimD+3u7e/t37u/O3NtYyUZqjB1YPfDjx4cHP7i4PDhx/enTulgX9ewrhB1yHuP/YcHR0jwl4cHR8cnH+Y5BqBd59CuCLU8w3sPjh482t/Z3t3ee3xydPBwP6urzop6mvQjkvnk6cHJs4TUrz46+qfDx5lrLShc69iuBl7WDvd+fXTyq/izuffkN5/+9uTwdxMp2iBc69iuBn7GP+4+OTrco4R213YfP3j6zwB/OvlsOz1vQ/H6B/jeqGVkuHty9Aj9Ccpvd+f3h0d/8PXG8z8eP0vPWytph9losXN4sK8OYEte2/+Xfz3+7C4ean9x/IvUoa6qDCe+dP/zw3+Dfgvgd0+/+NPviXba8NXxwb3kvDCbHawAvAzDLx88hNDEoPDVn/8C/074AfzHwcF+cn41tbSe0dJnB79FvuaXH8Bf/0KIS1Bxnh0dp1rqgHETQ3xP+FmGx1+M1u4/+s+/fvBMIId1sNaeHJ1k7NC6gRG+L7K+9MPjr+Bvnx1/Cl/H5mmt7T09epQGxMpKZt5+xg4/Of50BH/8M6BDKTIyGCEPvkzPKyvqaSaf7390/Ol/fQA9JCeTMkKNPj44ejiJ+OpK1ha9bOb93wcHx3/YIwmqTQ7X/+fw6Hh/clpcSYZuNi+9/9HR0aPEsezef4IE72VOF2EV+zStnG3tPfn84DdPHu/v3d/75NGvjz4/uZetnoSV9DS1/Ki3P356cHR4fPDgwcHR0fHD/bUsQ2MlK+AZudx//PDkwQEW+g9OHu/mCK41VrJ6as1q3vbO3r1nzx7vzfSiDJCvaVRXCf8S3sOG0hJHsiyEIBQ0QbFEu1rWzMBaFA+slYwWDsyiG/XGrucrqq/KquerqlxXNa1eD1s3Pdp3QlC1bcexbUO3GhWlLviD3ma7547nMN/wb3qwVwozMO1AN5xGYDmBEeA0rGK45+Dg4OC4CaxixAjkknLBsi8wIoDBqmXfwZCmKz333FaoWcOsxg0B2islSBNADTS51kbhLG6keSNoSuum6bSgc02DuxJsJmU7kVB0tnCcHkS6uU5g1mFl8lMTK3x18lsdzuzaYwUirK3HwMkIr2eA748qRNlfgzHU515nw0ZhfQLTXZkFjPFw6sDm3NUlZzSw17Mwh73rGN77Q5rZeRAAbdsEZsOxAzPeJGUOIE+Q6Olq9PfbWzOHjDvDfNU7jGoRNNan4EDtBsZ7aZjgzR4cDOu1ilAUikWvptTqbqsL4JvTDNfbKyHE0rxRppV8HBpMc71qzxBcF6BxrWN9N1QWyiGYpZWBngkztxfN0aKzixkGKxH1u5uLzi5maLrRCtQZi/3hOQybq7DSNn4Phuv+9L7U1cNshMihodz0AC+AYKGencNwBXQUM7TFDn8xQ7d9PaN8D5jd8TkXLGQYnlcx3zz88xblzYW+xpTOqLRuDS6QOy8Wotkc3W5bDC+QOi+mWLrlu9ygeYGLFlIMbncv44JbYxZS3JzuENwqhBdNuhZwVG51WhN1L3rlGS4V04XbvYHI7V/i4ll+JtEAE6RlDe8KMJ5t0SyCaQbBehCYBJODIF71sK4Q4+isMzPZ6pkG27jVW6SiM1I2ewCQ3b1mhvh7a77fvd3bTVvzfWkAUcFRJz24YANUq9qfH1qiy9jyteOMApbtiXbS/WsCJp84FdHc2A4LuyA3DX2+WEYgBLbWTJczWtBEgnZ/nsS1C+zjs0v1pW26tRennXO7wSiW5JHu+Pcmfm6TJ7nnXBudlzQEHvmqZaV2FfQPC9eHuu15R8fQU5TaFiQWpuAQx70hzPG8AbiLvt+q9MmSgBANLjbgy6IBHZzA0DpbkMW5z6GxXd8KJE0Ym9JQ561ISQsegjJLPYBBS6nKJXdJPbka6JrR7AK4Z9rKzMoaDmx7ZwvC5piEi8DrhCb5ona4AeXt7elxOnBmi8D0UfK+YVmaJEoeVN+dxgIM2qWiqFsCCnLoz49a2kzXent75+7O1//7d584BwPYGxS05t+//tvduzvbUxdHZ6VsgYDKUzEsXZdFhLqkxAdlJxQFSbfsUhugb8/TlP504owEv/nmGyRD2dTZ4uI2PZocTFE/I5+xyJYHyTJ0vVqSRLFYlJa0wIEM8dtFuarpti1sAMxx2mZ3KidhDL+J5eWweJI/mKA+381IyK9VNQg/WUKCYlGoLmmBA1oSMkSKhWpBb9j1LXT6M3OpTe1MmCLjBezgzt27UzJ0xvOcq9nEsLKpWUhQQxfDCAql5RQgJriEYFGUZK1QrRYs2wrH0PenBFlAT5QVI2WzM2Vy6H4QWU9ThTmjdpobEKk65VcoxCoqIJbTknOgIxUpR6lawBsWCrrtKBigavnmUaCibLXJ4Lcppr8tf1BoQ3+mBWVhdOgpDVRPvBtOKhEhJVhULtQQujQMqAlFCrFURVvUNCTasIsRZiuVnCDJRqFR/aKPUQRGi+xwH0/pQhXNz1eIe9EIKEGJSRAZLsUODSiTb48pFnQUIrmxYVv+EKVWyCQCRRjiob56bm8xMGqksnr+7enp82yMc+p9GHmaQeWHUxlLUKQEhaI8Pz18X4igJAwpxRhaAcOHWCPxOMlHyvDdixen3z9H4fqS5czlaUtesxMRdt+/Pn3x8s3L0x/SpEfH48OmZhHxFYj8CkyCoigwhgJUlsOwXpxPsaAZtl5xAToyeTdEC757+erVq5dvX//0nKbc/TDy60VDMzRJVgRJcKM7RHKj5z98/+3pm5fk4jdvX774jnrhQPNgKyxidNc09uWEISPIRCgIynJkKIAaKwmliGExvjuladh2A10MFkZV+MePbwhe4f+vXr7+6R/PYTjqZrbTjPrDWhdevHxLuL19S2fj7ZtXPw7aazpaH3QsRi+dQeJG40DBsJziImQyjCmKJbmQYUg8K5JUUb9G0f+9eEVHf4qSQbw6pVMeBHp36IJKt55YOA0v3yC509O3pz/iD1TVn0lZBb5G+MXKGXMkoX6ipIJQWY6naUFyA/RoRVHEmJEw1ApMofSGQzKQ59/+/O1PP/384sfT129PX79+/e0mlAxbrfZhgI6lIxuF4gjCH777AfF8BBv9+O1fcMcXZV0nwTarHsiwlFPSorqcaBGlDClJkUVFTS+w4cRcG7bVmvN003wMu73BVhT2Wn7Ycd0eyBZJXEolWZar1dTQiY7G2UwcLdTl7A/rgVTMMCS5zUSP0tmWC5rt9EEwLFnxvVqtXBPVYgVTSVGXBd3Wq4ZYUYSqbTUc23bY818Elm3LICAPoo8lArma6miJ6mgxlaGynJxmsCUJeSmW4twmnWsiAMw7tE7XwICpGY0GG74d/91gsCzLIH8M/Gno+BcqJgbzCtSQIKVIgaIkhlCtSlN+Bj3NUuxw2I8ZiqkUSxlNIvwoQRxlr6+oahkTBKLJNCGhflerxpdm5oTWC0WhXFFVD3zqw0RRTDli8lRlXzoRIYkWy7DDAEIxL0NMUOXE2xB6qTJJmxuqqlYqZUVgk5Dz/BP/pFGpE4IKEkSGHgu4E47UJNOSIr21uhQZBuDPMKQUtUIiPsYPR4gxgTFEipKckVkhyzDRapRJBRlWiAyFlOKEIyOYZSgsJeLr0JphKIrEH7CBsohFx8EYxhSFrEeKCcYM5ViAREURNailATerqoxgypCMApbxaK0Vz3A8i/HfYinWTiljK2InYVhWUFOLUt4lxaGlSgkKhCBjiFEu/V5GkdHM8UPbForlpTydEST3J/E+ARkBk5+YcQZiK2VYpmLEiZjWVGaBjF9M0MtaeqyqjGYsxJSnuLGwrfqOcNj9E2YZpPSSEaCW1isEZUaRqGqpquX4EYLEwyT0cELUvB3Qu8SamtyK3qIolIbL8KUGeCINEXl6E0xUqYgyLGcZEjFmPQ7xTChAJUuQ2GHGDqgJiCz6z9BcTgWsYuI9Lb0cvYwvaIGXZ8gopgSZBeb5qWqdaknG2EUW9mXiTxOazL8uhWEZlHm6mSE4YehTLS1PCBI9FUUmxVSAdBKyFKGTz5rEOCBWWVCMWeIhbXSV1VPSUvJALmboMa1J1Sfn7cQmYABIGJbLFSrDuBwhFoiiovSmGbZzDClBktbEQJaEaLUghxCaJt0AYDvZTQDvAGMwgu4INnvd9ggUpjezyHoZOjRvIkMUVexsqF0RgRABlmfooasBN+NpmI5SEWJ8od1EgoKudKZLlPdpadihW28pXnezGY4JwxlypXkMJaqlWSVNKJIx0xifMpzwrKMMswxZiYEMsbaWWrU40ythjd3ueM26UvMkT62pvqBd0Y5NF4rCrAipp8v7GRYPKUMlw1CJ3eOEX1ZPK9TTdEpC4mpwNgi/ElZjxXCArAzME3TNBfAMZ/FG5HdFCKrMCjeKyccZgsQOqQyVDARGUSAxnjJkNLPeRoEwtcPEy1TFaAPpeRFoWI7VAGrL22LrDMAtsRKcJvzEQEh1MJ8hxsMcQyFhGPOLdTglWMf/lJErJcFCZCpaIp1YBYtlDwQiv/Zy35rVAujVmVtjrRTd9SSDrOgJeUgu1FjePWEoMksUUHPpiXJKMfU0ykZPTr+CRcIaeA27YWga2ihAuPQtb6aKt6ljRU6r2oImEEfmKnJpiiHmNIkvTRnGlV9RyRLPMawLECUMEx2tg2FQByPh7F7PFnArgq4nG7QXrbfAUvukvynnsi1BDFlemqEYuxlkWKafU4oZGZZHPSlvhQUPaPcHb3eNz3rbaA4DTyeC3OhYltPAPLtZytthOBstYoYZjU5Iphwrw4GUIygXfBBZlNDP2G+1HJhKF7q+pqtQIT1SKxj3dSlrixgtKnPiIS2FaD0rZGmW4wJYrfT7pRxBoqVCHAfPfQrgiiG2YeT179BeaVWHUC+UsvEwhFolTttyEiStpfwKhJBR1cqAZW206GS+WgEllmF5SdsvzgZZYHBZN7gKPoZjeTJqxjATEan8xLidEXMk/d1UW6kYK9CWsyIkGRqkre8beOlCCGXmUkVMM8g2iUkJjhUwzcfSyomm3UnvMenrpOl6TLEMYyn1o9VSVS94o1iGGO7b17/FHVoGY1iHio7QUimKmxgP406UIjADxAI4rYCrrPeY6aFRVVUGQ1FgwR5Pa2XUkoiaOqGoN6/9SYwayKwvqPvQrxhkvU+Ol4dQS706kWK5rMSlOuOn6TE01oDMtJmIsGGLVMC0162VQoyARgD1mKGxpFXRs+HA2GAMSbYI7ZpgG4RjwlCNCWKQT+WnqVEYbna7w0E/6SKXJgsSijDuEuPEywtll/AjW+DqpGGOsZes212vN1Xw3jJbVfPBLo7ItgnMP+jiDealmLVRFSUlgpSsI+lDuivRxWSa9RNZQypuRArCeIv8FDVtM8mwbWgiPUP0e5izXfObXEMge1xYdkomNyCSbAp6FQdJ+qVxN1iM11eoCAWQHbLY5BiJ8qVuh1pkv49hVZTdyY4cB9yG5GHe1Lv+HfwuZm+aTpdFk0dlNPKqIE9Ah0MrYCV2GswCiTv0QGI5rQaennM7TJC9O2jHPqa+kwy7G7pkU8eN7G4v9jDoo0cvaM3UQHSyOBrW5Rb4rNkt0QorbnTjVMTLqTpmQbFck/Y3YTnq49yAm03PUDubN/eeYZKhqoaBfnxyzCl1AFo9qAsKql1J14j7NGIP2gbqnPCYu8HWDdkZjf4pSBsbZJdC/h43/BrlYhdFpkf5DdsO7RT1wmbd90Lfb/ba/Tv93qAThqNIZ6sWOCmjwVZ7vIUi6o43YLjVpSv5d5q375EgvZfZop7AcSoupC9sGQ3b7fZWn/xzZMT6iFZiktChK/ftVivq9d1OdCfqRa1b+kxX4M0NxeYaWdk2nUbaNTI1qCXWJ67kP0xyLiogJW5HH63COz4uDW+ks3VErWB0LveY24pg1NaTBW59cyVeJ3RJYI7JtoqS0FBfmVeXXQIGqIV6uen5zbDZbC5nd+HNQs0vp9zylye8E2xBkBvkBdeBE2AUuenhcHBwcHBwcHBwcHBwcHBwcHBwcHBwcHBwcHBwcHBwcHBwcHBwcHCsJMxbuv88g/8HESXYIqbtrYYAAAAASUVORK5CYII=',0,15,15,0,'2026-06-24 17:07:27',NULL),(47,40,16,'CHECK','',0,15,15,0,'2026-06-24 17:07:50',NULL);
/*!40000 ALTER TABLE `quest_logs` ENABLE KEYS */;
UNLOCK TABLES;

--
-- Table structure for table `quests`
--

DROP TABLE IF EXISTS `quests`;
/*!40101 SET @saved_cs_client     = @@character_set_client */;
/*!50503 SET character_set_client = utf8mb4 */;
CREATE TABLE `quests` (
  `quest_id` bigint NOT NULL AUTO_INCREMENT,
  `user_id` bigint NOT NULL,
  `title` varchar(30) COLLATE utf8mb4_unicode_ci NOT NULL,
  `period` enum('DAILY','WEEKLY','MONTHLY','YEARLY') COLLATE utf8mb4_unicode_ci NOT NULL,
  `stat_type` enum('STR','INT','WIL','VIT') COLLATE utf8mb4_unicode_ci NOT NULL,
  `xp_size` enum('SMALL','MEDIUM','LARGE') COLLATE utf8mb4_unicode_ci NOT NULL COMMENT '소=15 중=40 대=85',
  `verify_type` enum('CHECK','TIME','PHOTO') COLLATE utf8mb4_unicode_ci NOT NULL DEFAULT 'CHECK',
  `notify_type` enum('NONE','BANNER','FULLSCREEN') COLLATE utf8mb4_unicode_ci NOT NULL DEFAULT 'NONE',
  `notify_tab` enum('DAILY','WEEKLY','MONTHLY','YEARLY') COLLATE utf8mb4_unicode_ci DEFAULT NULL,
  `show_card` tinyint(1) NOT NULL DEFAULT '0' COMMENT '알림 시 카드 목록 표시',
  `is_template` tinyint(1) NOT NULL DEFAULT '0',
  `is_active` tinyint(1) NOT NULL DEFAULT '1',
  `created_at` datetime NOT NULL DEFAULT CURRENT_TIMESTAMP,
  `target_minutes` int DEFAULT NULL COMMENT '시간 인증 목표 시간(분), TIME 방식일 때만 사용',
  `deadline` date DEFAULT NULL,
  `extended_at` datetime DEFAULT NULL,
  PRIMARY KEY (`quest_id`),
  KEY `idx_quests_user_period` (`user_id`,`period`),
  CONSTRAINT `fk_quests_user` FOREIGN KEY (`user_id`) REFERENCES `users` (`user_id`) ON DELETE CASCADE
) ENGINE=InnoDB AUTO_INCREMENT=46 DEFAULT CHARSET=utf8mb4 COLLATE=utf8mb4_unicode_ci COMMENT='퀘스트';
/*!40101 SET character_set_client = @saved_cs_client */;

--
-- Dumping data for table `quests`
--

LOCK TABLES `quests` WRITE;
/*!40000 ALTER TABLE `quests` DISABLE KEYS */;
INSERT INTO `quests` VALUES (1,1,'물 2L 마시기','DAILY','STR','SMALL','CHECK','BANNER','DAILY',1,0,1,'2026-05-29 12:07:34',NULL,NULL,NULL),(2,1,'독서 30분','DAILY','INT','SMALL','TIME','BANNER','DAILY',1,1,1,'2026-05-29 12:19:45',NULL,NULL,NULL),(3,1,'헬스 1시간','DAILY','STR','LARGE','CHECK','BANNER','DAILY',1,1,1,'2026-06-01 10:56:19',NULL,NULL,NULL),(4,2,'헬스 1시간','DAILY','STR','LARGE','CHECK','BANNER','DAILY',1,1,0,'2026-06-01 11:01:51',NULL,NULL,NULL),(5,2,'산책 / 휴식','DAILY','VIT','SMALL','CHECK','BANNER','DAILY',1,1,0,'2026-06-04 11:49:44',NULL,NULL,NULL),(6,2,'산책 / 휴식','DAILY','VIT','SMALL','PHOTO','BANNER','DAILY',1,1,0,'2026-06-04 12:03:51',NULL,NULL,NULL),(7,2,'헬스','DAILY','STR','SMALL','TIME','BANNER','DAILY',1,0,1,'2026-06-04 12:32:15',30,NULL,NULL),(8,2,'헬스','DAILY','STR','SMALL','PHOTO','BANNER','DAILY',1,0,1,'2026-06-04 12:33:26',NULL,NULL,NULL),(9,2,'달리기 ','DAILY','STR','SMALL','PHOTO','BANNER','DAILY',1,0,1,'2026-06-04 12:36:24',NULL,NULL,NULL),(10,5,'물마시기','DAILY','STR','MEDIUM','PHOTO','BANNER','DAILY',1,0,0,'2026-06-05 15:27:02',NULL,NULL,NULL),(11,5,'달리기','WEEKLY','STR','MEDIUM','PHOTO','BANNER','WEEKLY',1,0,1,'2026-06-05 15:27:09',NULL,NULL,NULL),(12,2,'공부 2시간','DAILY','INT','MEDIUM','TIME','BANNER','DAILY',1,1,0,'2026-06-10 17:36:13',30,'2026-06-10',NULL),(13,2,'55','DAILY','STR','SMALL','CHECK','BANNER','DAILY',1,1,0,'2026-06-11 14:54:25',NULL,'2026-06-11',NULL),(14,2,'55','DAILY','STR','SMALL','CHECK','BANNER','DAILY',1,0,0,'2026-06-11 14:54:59',NULL,'2026-06-11',NULL),(15,2,'공부 ','DAILY','INT','SMALL','CHECK','BANNER','DAILY',1,0,1,'2026-06-11 17:52:05',NULL,'2026-06-11',NULL),(16,2,'프리셋 설정 ','DAILY','WIL','SMALL','CHECK','BANNER','DAILY',1,1,1,'2026-06-11 17:52:25',NULL,'2026-06-11',NULL),(17,9,'물 2L 마시기','DAILY','STR','SMALL','CHECK','BANNER','DAILY',1,0,1,'2026-06-12 10:02:03',NULL,'2026-06-12',NULL),(18,9,'헬스 1시간','DAILY','STR','SMALL','TIME','BANNER','DAILY',1,0,1,'2026-06-12 10:03:50',30,'2026-06-12',NULL),(19,9,'공부하기','DAILY','INT','SMALL','PHOTO','BANNER','DAILY',1,0,1,'2026-06-12 10:04:19',NULL,'2026-06-12',NULL),(20,9,'물 2L 마시기','DAILY','STR','SMALL','CHECK','BANNER','DAILY',1,0,1,'2026-06-12 10:06:25',NULL,'2026-06-12',NULL),(21,9,'프리셋 같은 개념','DAILY','STR','SMALL','CHECK','BANNER','DAILY',1,1,1,'2026-06-12 10:08:39',NULL,'2026-06-12',NULL),(22,9,'자격증 3개 취득','YEARLY','STR','SMALL','PHOTO','BANNER','YEARLY',1,0,1,'2026-06-12 10:30:25',NULL,'2026-06-12',NULL),(23,9,'책 1권 읽기','MONTHLY','INT','SMALL','PHOTO','BANNER','MONTHLY',1,0,1,'2026-06-12 10:32:38',NULL,'2026-06-12',NULL),(24,9,'헬스장 3번 가기','WEEKLY','STR','SMALL','CHECK','BANNER','WEEKLY',1,0,1,'2026-06-12 10:33:15',NULL,'2026-06-12',NULL),(25,12,'물마시기','DAILY','STR','SMALL','CHECK','NONE','DAILY',1,0,1,'2026-06-17 14:59:33',0,'2026-06-17',NULL),(26,12,'테스트','DAILY','STR','SMALL','CHECK','NONE','DAILY',1,0,1,'2026-06-17 15:00:10',0,'2026-06-17',NULL),(27,12,'테스트2','DAILY','STR','SMALL','CHECK','NONE','DAILY',1,0,1,'2026-06-17 15:02:59',0,'2026-06-17',NULL),(28,12,'오운완','DAILY','STR','SMALL','PHOTO','NONE','DAILY',1,0,1,'2026-06-17 15:13:30',0,'2026-06-17',NULL),(29,12,'휴식하기 ','DAILY','VIT','SMALL','CHECK','NONE','DAILY',1,0,1,'2026-06-17 15:24:54',0,'2026-06-17',NULL),(30,12,'책읽기','WEEKLY','INT','SMALL','CHECK','NONE','WEEKLY',1,0,1,'2026-06-17 15:36:54',0,'2026-06-17',NULL),(31,13,'책읽기 ','DAILY','INT','SMALL','CHECK','NONE','DAILY',1,0,1,'2026-06-17 15:40:06',0,'2026-06-18','2026-06-18 10:38:53'),(32,13,'공부하기','DAILY','INT','SMALL','CHECK','NONE','DAILY',1,0,0,'2026-06-17 16:01:01',0,'2026-06-17',NULL),(33,13,'공부하기','DAILY','INT','SMALL','CHECK','NONE','DAILY',1,0,1,'2026-06-17 16:01:11',0,'2026-06-17',NULL),(34,13,'책 20p 읽기','DAILY','INT','SMALL','CHECK','NONE','DAILY',1,0,1,'2026-06-17 17:22:36',0,'2026-06-18','2026-06-23 16:03:12'),(35,13,'산책다녀오기 ','WEEKLY','VIT','SMALL','CHECK','NONE','WEEKLY',1,0,1,'2026-06-17 17:31:21',0,'2026-06-17',NULL),(36,13,'물마시기 ','DAILY','STR','SMALL','CHECK','NONE','DAILY',1,0,0,'2026-06-17 17:40:18',0,'2026-06-17',NULL),(37,13,'물마시기 ','DAILY','STR','SMALL','PHOTO','NONE','DAILY',1,0,1,'2026-06-18 11:59:39',0,'2026-06-18',NULL),(38,13,'사진테스트','WEEKLY','STR','SMALL','PHOTO','NONE','WEEKLY',1,0,1,'2026-06-22 10:57:28',0,'2026-06-22',NULL),(39,14,'1232','DAILY','STR','SMALL','CHECK','NONE','DAILY',1,0,1,'2026-06-23 18:45:18',0,'2026-06-23',NULL),(40,16,'휴식하기','DAILY','VIT','SMALL','CHECK','NONE','DAILY',1,0,1,'2026-06-24 17:02:54',0,'2026-06-24',NULL),(41,16,'휴식하기(시간:10분)','DAILY','VIT','SMALL','TIME','NONE','DAILY',1,0,0,'2026-06-24 17:03:11',10,'2026-06-24',NULL),(42,16,'휴식하기(사진인증)','DAILY','VIT','SMALL','PHOTO','NONE','DAILY',1,0,1,'2026-06-24 17:03:25',0,'2026-06-24',NULL),(43,16,'자격증 2개 취득하기 ','YEARLY','INT','LARGE','PHOTO','NONE','YEARLY',1,0,1,'2026-06-24 17:04:55',0,'2026-06-24',NULL),(44,17,'꼭 일찍 일어나기 ','DAILY','VIT','LARGE','PHOTO','NONE','DAILY',1,0,1,'2026-06-24 17:25:39',0,'2026-06-25','2026-06-24 17:33:16'),(45,17,'물 꼭 마시기 ','DAILY','STR','SMALL','PHOTO','NONE','DAILY',1,0,0,'2026-06-24 17:26:09',0,'2026-06-24',NULL);
/*!40000 ALTER TABLE `quests` ENABLE KEYS */;
UNLOCK TABLES;

--
-- Table structure for table `slot_upgrades`
--

DROP TABLE IF EXISTS `slot_upgrades`;
/*!40101 SET @saved_cs_client     = @@character_set_client */;
/*!50503 SET character_set_client = utf8mb4 */;
CREATE TABLE `slot_upgrades` (
  `upgrade_id` bigint NOT NULL AUTO_INCREMENT,
  `user_id` bigint NOT NULL,
  `period` enum('DAILY','WEEKLY','MONTHLY','YEARLY') COLLATE utf8mb4_unicode_ci NOT NULL,
  `upgrade_count` tinyint NOT NULL COMMENT '몇 번째 확장인지',
  `cost_point` int NOT NULL COMMENT '사용한 포인트',
  `created_at` datetime NOT NULL DEFAULT CURRENT_TIMESTAMP,
  PRIMARY KEY (`upgrade_id`),
  KEY `fk_upgrade_user` (`user_id`),
  CONSTRAINT `fk_upgrade_user` FOREIGN KEY (`user_id`) REFERENCES `users` (`user_id`) ON DELETE CASCADE
) ENGINE=InnoDB AUTO_INCREMENT=2 DEFAULT CHARSET=utf8mb4 COLLATE=utf8mb4_unicode_ci COMMENT='슬롯 확장 이력';
/*!40101 SET character_set_client = @saved_cs_client */;

--
-- Dumping data for table `slot_upgrades`
--

LOCK TABLES `slot_upgrades` WRITE;
/*!40000 ALTER TABLE `slot_upgrades` DISABLE KEYS */;
INSERT INTO `slot_upgrades` VALUES (1,2,'DAILY',1,500,'2026-06-01 12:12:26');
/*!40000 ALTER TABLE `slot_upgrades` ENABLE KEYS */;
UNLOCK TABLES;

--
-- Table structure for table `user_slots`
--

DROP TABLE IF EXISTS `user_slots`;
/*!40101 SET @saved_cs_client     = @@character_set_client */;
/*!50503 SET character_set_client = utf8mb4 */;
CREATE TABLE `user_slots` (
  `user_id` bigint NOT NULL,
  `daily_limit` tinyint NOT NULL DEFAULT '10' COMMENT '최대 20',
  `weekly_limit` tinyint NOT NULL DEFAULT '5' COMMENT '최대 8',
  `monthly_limit` tinyint NOT NULL DEFAULT '3' COMMENT '최대 5',
  `yearly_limit` tinyint NOT NULL DEFAULT '1' COMMENT '최대 2',
  PRIMARY KEY (`user_id`),
  CONSTRAINT `fk_slots_user` FOREIGN KEY (`user_id`) REFERENCES `users` (`user_id`) ON DELETE CASCADE
) ENGINE=InnoDB DEFAULT CHARSET=utf8mb4 COLLATE=utf8mb4_unicode_ci COMMENT='퀘스트 슬롯 한도';
/*!40101 SET character_set_client = @saved_cs_client */;

--
-- Dumping data for table `user_slots`
--

LOCK TABLES `user_slots` WRITE;
/*!40000 ALTER TABLE `user_slots` DISABLE KEYS */;
/*!40000 ALTER TABLE `user_slots` ENABLE KEYS */;
UNLOCK TABLES;

--
-- Table structure for table `user_stats`
--

DROP TABLE IF EXISTS `user_stats`;
/*!40101 SET @saved_cs_client     = @@character_set_client */;
/*!50503 SET character_set_client = utf8mb4 */;
CREATE TABLE `user_stats` (
  `user_id` bigint NOT NULL,
  `str_level` tinyint NOT NULL DEFAULT '1',
  `str_exp` int NOT NULL DEFAULT '0',
  `str_daily_exp` int NOT NULL DEFAULT '0' COMMENT '오늘 획득 XP (자정 리셋)',
  `int_level` tinyint NOT NULL DEFAULT '1',
  `int_exp` int NOT NULL DEFAULT '0',
  `int_daily_exp` int NOT NULL DEFAULT '0',
  `wil_level` tinyint NOT NULL DEFAULT '1',
  `wil_exp` int NOT NULL DEFAULT '0',
  `wil_daily_exp` int NOT NULL DEFAULT '0',
  `vit_level` tinyint NOT NULL DEFAULT '1',
  `vit_exp` int NOT NULL DEFAULT '0',
  `vit_daily_exp` int NOT NULL DEFAULT '0',
  `last_reset_date` date NOT NULL DEFAULT (curdate()) COMMENT '일일 XP 리셋 기준일',
  PRIMARY KEY (`user_id`),
  CONSTRAINT `fk_stats_user` FOREIGN KEY (`user_id`) REFERENCES `users` (`user_id`) ON DELETE CASCADE
) ENGINE=InnoDB DEFAULT CHARSET=utf8mb4 COLLATE=utf8mb4_unicode_ci COMMENT='스탯 레벨 및 경험치';
/*!40101 SET character_set_client = @saved_cs_client */;

--
-- Dumping data for table `user_stats`
--

LOCK TABLES `user_stats` WRITE;
/*!40000 ALTER TABLE `user_stats` DISABLE KEYS */;
INSERT INTO `user_stats` VALUES (2,9,69,168,1,0,0,1,0,0,2,11,45,'2026-06-01'),(3,1,0,0,1,0,0,1,0,0,1,0,0,'2026-06-04'),(4,1,0,0,1,0,0,1,0,0,1,0,0,'2026-06-04'),(5,2,8,42,1,0,0,1,0,0,1,0,0,'2026-06-05'),(6,1,0,0,1,0,0,1,0,0,1,0,0,'2026-06-10'),(7,1,0,0,1,0,0,1,0,0,1,0,0,'2026-06-12'),(8,1,0,0,1,0,0,1,0,0,1,0,0,'2026-06-12'),(9,2,6,40,1,28,28,1,0,0,100,0,0,'2026-06-12'),(10,1,0,0,1,0,0,1,0,0,1,0,0,'2026-06-15'),(11,1,0,0,1,0,0,1,0,0,1,0,0,'2026-06-15'),(12,2,27,61,1,15,15,1,0,0,1,15,15,'2026-06-17'),(13,2,37,71,2,27,61,1,0,0,1,15,15,'2026-06-17'),(14,1,15,15,1,0,0,1,0,0,1,0,0,'2026-06-23'),(15,1,0,0,1,0,0,1,0,0,1,0,0,'2026-06-23'),(16,1,0,0,1,0,0,1,0,0,1,30,30,'2026-06-24'),(17,10,24,0,21,226,0,51,22432,0,100,28183522,0,'2026-06-24'),(18,1,0,0,1,0,0,1,0,0,1,0,0,'2026-06-30');
/*!40000 ALTER TABLE `user_stats` ENABLE KEYS */;
UNLOCK TABLES;

--
-- Table structure for table `users`
--

DROP TABLE IF EXISTS `users`;
/*!40101 SET @saved_cs_client     = @@character_set_client */;
/*!50503 SET character_set_client = utf8mb4 */;
CREATE TABLE `users` (
  `user_id` bigint NOT NULL AUTO_INCREMENT,
  `email` varchar(100) COLLATE utf8mb4_unicode_ci NOT NULL,
  `password` varchar(255) COLLATE utf8mb4_unicode_ci NOT NULL,
  `nickname` varchar(30) COLLATE utf8mb4_unicode_ci NOT NULL,
  `birth_year` smallint NOT NULL COMMENT '나이 → 메인 레벨 계산',
  `mbti` varchar(4) COLLATE utf8mb4_unicode_ci DEFAULT NULL,
  `chronotype` enum('MORNING','EVENING') COLLATE utf8mb4_unicode_ci DEFAULT NULL COMMENT '아침형/저녁형',
  `total_point` bigint NOT NULL DEFAULT '0',
  `created_at` datetime NOT NULL DEFAULT CURRENT_TIMESTAMP,
  `updated_at` datetime NOT NULL DEFAULT CURRENT_TIMESTAMP ON UPDATE CURRENT_TIMESTAMP,
  `main_stat` varchar(10) COLLATE utf8mb4_unicode_ci DEFAULT 'STR',
  `profile_image` mediumtext COLLATE utf8mb4_unicode_ci,
  `likes` text COLLATE utf8mb4_unicode_ci,
  `dislikes` text COLLATE utf8mb4_unicode_ci,
  `goal` text COLLATE utf8mb4_unicode_ci,
  `nickname_change_count` int DEFAULT '1',
  `daily_point` bigint DEFAULT '0',
  PRIMARY KEY (`user_id`),
  UNIQUE KEY `email` (`email`),
  KEY `idx_users_email` (`email`)
) ENGINE=InnoDB AUTO_INCREMENT=19 DEFAULT CHARSET=utf8mb4 COLLATE=utf8mb4_unicode_ci COMMENT='회원';
/*!40101 SET character_set_client = @saved_cs_client */;

--
-- Dumping data for table `users`
--

LOCK TABLES `users` WRITE;
/*!40000 ALTER TABLE `users` DISABLE KEYS */;
INSERT INTO `users` VALUES (1,'test@test.com','1234','테스터',1999,'INTJ','MORNING',3100,'2026-05-29 12:06:01','2026-06-10 15:11:08','STR',NULL,NULL,NULL,NULL,1,0),(2,'test2@test.com','1234','테스터4',0,'','MORNING',9994,'2026-06-01 11:01:03','2026-06-11 18:28:35','STR','data:image/png;base64,iVBORw0KGgoAAAANSUhEUgAAASwAAACoCAMAAABt9SM9AAAAolBMVEUn0i4kJCQhISEdHR0aGhoYGBgZGRkn2DAWFhYn1C4hayQn0S8txDQszzESEBETDhMUMxYSABIMAAsrvTMZUR4YOBkUDxQTLRQSEhIRFhEqyTIKAAkQEREQAA8OExATKBUxuDUvvC8ieCgifCYYMxwNFw8FAAQxvz8IAAARLxAl2CgwwjsaOB4TJBETKhMXLBoaGBwaDxgZCRAgSiAWHw8naChHhoKMAAAFIklEQVR4nO2d63KbOhRGsUGASoAU1zbBdm5NHLdpGqftef9XO7qAjUFc1MwkjfStnx72jLVGMGjvLeE4AAAAAAAAAAAAAAAAAAAAAAAAAAAAAAAAAAAA8KEJnKCHKIg6I2nUFxnQiHbHfkgih95+6uOMdobSqOgN/Rp3xn5QaPy8yjaMzw3YT1mWba6D7tjgml3SGbs5N0wWu1GCu+16nYcK8jXjpjs2Dm6SRB2bs9jV3LTbkDrRfLXO85AQ3/e9Ct/zCR9ycjnrmR10dpEqYnkoM81kvd043gQ2nnnK5gZho3TrsEGzEQ/LYrF+I5TFctMGyqJCFmkMVwyZ2UouBmQtQuKrYkmYp+bJ4jOLzyt32kCMeIws5koRG4bmymqNl42YTa3B23DBbkJlLDFUVjXgSQ0xPXwyPLNKz81YJnphqKyWq3LEI2S1PU/k1DJa1mTStDVeliLW7JkFWYNAlgaQpQFkaQBZGkCWBpClAWRpAFka8OSfcrnzWlkmL3cUC+nXrA1NXkir0yzsVhqRdfDb6Swpy8wUTapM4Imc1Ih8Vkfyz8h8lkgri9Rwc7w82zk2rayKNVCWLFiQVtHBHVmwUNQ6ylgTZUXzlJf+arWssqLFKzSDM0tUhpqxPndlYHXHcYLzVZLzQik5gZdKkyS9v+4eMXVm6zTvis3NK7Kyh9bdileeLxuF5UtRj14nNz29DvQhFaHN2FzEbuaOYbIiJ15uV5ysgfhxu3kIokgxZvZbFNCHXXfsdvfNsF4HNujvj2c9zObLHn7MekIfz3ralT4qtI/iaZMKFifI3zZPBe0Lf++RvTXFk2j9UPXJ5Ov0qjDuGf4aiquUuyJE8V4BWQ24LMUrq+yxgaxTip9MVmtBI3SF4QKyTmCyepbKkHVC8XMRdiZhMLNOYbKIMjXIEwuQdYqUNVX32EDWKZUsZTlj8QxZdfplsZnlHFfLtnujTFZX/cb1+Mx673/4D8FkydKPamZBVsxWxtEBWjzvVUVF+YRf3Inb8EBgmToa/9ltZZJKpqnkW1bTVfnysN9kqyrztd3t7mO7nls0Xq4SRploIGVZsCVLTi1vv69SECwmO4/f+++/LUxWmZPhyXSxgJ4qZZVzy/P3MunOdKUWykrWx5yM2+lqUi6o3UPGJrdQ1nlS37s07XIlbU0PGRu+WcdGWWEo9y5Va2a1q9LWMWNjqayTnEyXqoYu3glipSy/2o/Ta6r0NTn0GNkpq52TGTImutdslaXnCrL+SpZd652DLB1XZS6Qy7JsuQNZo4EsDSBLA8jSALI0gCwNIEsDyNIAsjSALA0UstodNK1Ul+2ypkOm6r4gq65K0aBV1wVZkypj3E1ly3pZR1VeF7WiBmTJQoRPSGMjk9zNRHyvtgMWslxv/8L3U2RpkyzLXn69LI6Ty3pZruvvf3/p4fdxhzRkeeTPY9C5NScIHu+ra13bZfGeoovZd+X4I95cRGcX+7Iea70sfuzH4IZyyHKru3DsIRiQBVkD1Mr3kDWEbAwRb08jj1eRZvnFlsryqqMsxh4XXLUcWSiLyL4/b8zMqg785jvq7Ot1WKaiS9ITh7qPO4tGXmxj59+yPDFFHq8y5vB8ItbadspKDl+lGPdZBt7aHFbdyrY9s1bV4QQ6H/zgJ6qkS+tm1hX/gMyGfw1m/KdkyouvlCexmAuNbz/997cfKbotrHLV+qaV3uevqF3PLAAAAAAAAAAAAAAAAAAAAAAAAAAAAAAAAAAAgPH8D2BWnnHepEjtAAAAAElFTkSuQmCC','','','',0,0),(3,'guest_rb0omcgf@quest.app','rb0omcgf','모험가_rb0o',2000,'','MORNING',1500,'2026-06-04 10:52:42','2026-06-10 15:11:09','STR',NULL,NULL,NULL,NULL,1,0),(4,'guest_t67lxzdd@quest.app','t67lxzdd','모험가_t67l',2000,'','MORNING',800,'2026-06-04 18:52:47','2026-06-10 15:11:10','STR',NULL,NULL,NULL,NULL,1,0),(5,'test1@test.com','1234','테스트 ',2000,'INTP','MORNING',5200,'2026-06-05 15:20:12','2026-06-10 15:11:08','STR',NULL,NULL,NULL,NULL,1,0),(6,'guest_q3rst375@quest.app','q3rst375','모험가_q3rs',2000,'','MORNING',0,'2026-06-10 17:34:55','2026-06-10 17:34:55','STR',NULL,NULL,NULL,NULL,1,0),(7,'guest_ua6uxwl0@quest.app','ua6uxwl0','모험가ua6u',2000,'','MORNING',0,'2026-06-12 09:48:44','2026-06-12 09:52:56','INT','','','','',0,0),(8,'test3@test.com','1234','test4',2000,'INTJ','MORNING',0,'2026-06-12 09:55:10','2026-06-12 09:55:10','INT',NULL,NULL,NULL,NULL,1,0),(9,'guest_68xn888e@quest.app','68xn888e','닉네임 변경',2000,'','MORNING',68,'2026-06-12 09:55:34','2026-06-12 10:36:45','INT','','','','',0,0),(10,'guest1781512713715@quest.com','mjn2zmouw7','모험가8637',2001,NULL,'MORNING',0,'2026-06-15 17:38:33','2026-06-15 17:38:33','STR',NULL,NULL,NULL,NULL,1,0),(11,'guest_ig0mu07i@quest.app','ig0mu07i','모험가_ig0m',2000,'','MORNING',0,'2026-06-15 17:47:28','2026-06-15 17:47:28',NULL,NULL,NULL,NULL,NULL,1,0),(12,'guest_uqhurwdd@quest.app','uqhurwdd','모험가uqhu',2000,'','MORNING',91,'2026-06-17 14:19:49','2026-06-17 15:36:58','STR',NULL,NULL,NULL,NULL,1,0),(13,'test4@test.com','123456789','테스트5',2000,'INTJ',NULL,131,'2026-06-17 15:39:02','2026-06-22 10:57:48','INT','','','','',1,86),(14,'guest1782207712459@quest.com','wsn42h3bl1','모험가3366',2001,NULL,'MORNING',15,'2026-06-23 18:41:52','2026-06-23 18:45:22','STR',NULL,NULL,NULL,NULL,1,15),(15,'1234@1234.com','12345678','ss',1992,'ISTP','MORNING',0,'2026-06-23 18:48:08','2026-06-23 18:48:08','STR',NULL,NULL,NULL,NULL,1,0),(16,'guest1782288050092@quest.com','phoroikrm1','모험가4686',2001,NULL,NULL,30,'2026-06-24 17:00:50','2026-06-24 17:09:31','WIL','','','','',1,30),(17,'test22@test.com','12345678','기능테스트1',1956,'ISFJ',NULL,0,'2026-06-24 17:11:26','2026-06-30 12:54:07','VIT','','','','',1,0),(18,'guest1782791164601@quest.com','74wtrht0fk','모험가7850',2001,NULL,NULL,0,'2026-06-30 12:46:04','2026-06-30 12:46:22','VIT','','','','',1,0);
/*!40000 ALTER TABLE `users` ENABLE KEYS */;
UNLOCK TABLES;

--
-- Dumping routines for database 'quest'
--
/*!40103 SET TIME_ZONE=@OLD_TIME_ZONE */;

/*!40101 SET SQL_MODE=@OLD_SQL_MODE */;
/*!40014 SET FOREIGN_KEY_CHECKS=@OLD_FOREIGN_KEY_CHECKS */;
/*!40014 SET UNIQUE_CHECKS=@OLD_UNIQUE_CHECKS */;
/*!40101 SET CHARACTER_SET_CLIENT=@OLD_CHARACTER_SET_CLIENT */;
/*!40101 SET CHARACTER_SET_RESULTS=@OLD_CHARACTER_SET_RESULTS */;
/*!40101 SET COLLATION_CONNECTION=@OLD_COLLATION_CONNECTION */;
/*!40111 SET SQL_NOTES=@OLD_SQL_NOTES */;

-- Dump completed on 2026-06-30 15:25:52
